CREATE TABLE bier (`biercode` int, `naam` varchar(30), `type` varchar(12), `stijl` varchar(10), `alcohol` varchar(5), `brouwcode` int);
INSERT INTO bier VALUES(1,'BIOBIER','LAGER,PALE','BIO','4,80',983);
INSERT INTO bier VALUES(2,'ORGANIC HELLES','LAGER,PALE','BIO','4,60',1163);
INSERT INTO bier VALUES(3,'RAPUNZEL EXPORT','LAGER,PALE','BIO','5,10',1218);
INSERT INTO bier VALUES(4,'ZIPPIL','LAGER,PALE','BIO','4,60',1163);
INSERT INTO bier VALUES(5,'ZAHRE CANAPA','LAGER,PALE','CANAPA','5,00',1351);
INSERT INTO bier VALUES(6,'CALANDA ICE','LAGER,PALE','ICE','4,80',797);
INSERT INTO bier VALUES(7,'GULL','LAGER,PALE','LIGHT','2,20',885);
INSERT INTO bier VALUES(8,'COLUMBUS STIEGL PILS','LAGER,PALE','PILSEN','4,90',1249);
INSERT INTO bier VALUES(9,'HIRTER EXPORT PILS','LAGER,PALE','PILSEN','5,40',983);
INSERT INTO bier VALUES(10,'HIRTER PRIVAT PILS','LAGER,PALE','PILSEN','5,20',983);
INSERT INTO bier VALUES(11,'STIEGL PILS','LAGER,PALE','PILSEN','5,40',1249);
INSERT INTO bier VALUES(12,'HOPPE','LAGER,PALE','PILSEN','5,00',1315);
INSERT INTO bier VALUES(13,'JUPILER PILS','LAGER,PALE','PILSEN','5,00',1008);
INSERT INTO bier VALUES(14,'MAES PILS','LAGER,PALE','PILSEN','5,00',1066);
INSERT INTO bier VALUES(15,'VEGA','LAGER,PALE','PILSEN','5,00',1008);
INSERT INTO bier VALUES(16,'BIRTANG PILS','LAGER,PALE','PILSEN','5,00',756);
INSERT INTO bier VALUES(17,'PILSNER URQUELL','LAGER,PALE','PILSEN','5,00',1146);
INSERT INTO bier VALUES(18,'TSINGTAO PILS','LAGER,PALE','PILSEN','5,00',1289);
INSERT INTO bier VALUES(19,'110 JUBILAEUMS PILSNER','LAGER,PALE','PILSEN','4,60',962);
INSERT INTO bier VALUES(20,'CERES TOP PILSENER','LAGER,PALE','PILSEN','4,60',813);
INSERT INTO bier VALUES(21,'TUBORG GREEN LABEL','LAGER,PALE','PILSEN','5,00',1291);
INSERT INTO bier VALUES(22,'FREEDOM PILSENER','LAGER,PALE','PILSEN','5,00',920);
INSERT INTO bier VALUES(23,'BIERE DU VILLAGE','LAGER,PALE','PILSEN','5,00',1083);
INSERT INTO bier VALUES(24,'ADELSKRONEN PILS','LAGER,PALE','PILSEN','4,90',687);
INSERT INTO bier VALUES(25,'ASTRA','LAGER,PALE','PILSEN','5,00',730);
INSERT INTO bier VALUES(26,'AYINGER PILS','LAGER,PALE','PILSEN','5,00',713);
INSERT INTO bier VALUES(27,'BRINKHOFF N.1','LAGER,PALE','PILSEN','4,90',783);
INSERT INTO bier VALUES(28,'CD PILS','LAGER,PALE','PILSEN','5,30',863);
INSERT INTO bier VALUES(29,'DAB MEISTER PILS','LAGER,PALE','PILSEN','5,00',869);
INSERT INTO bier VALUES(30,'EKU PILS','LAGER,PALE','PILSEN','4,90',895);
INSERT INTO bier VALUES(31,'EULER LANDPILS','LAGER,PALE','PILSEN','5,00',897);
INSERT INTO bier VALUES(32,'FELDSCHLOSSCHEN PILSN.','LAGER,PALE','PILSEN','4,90',907);
INSERT INTO bier VALUES(33,'FORUM PILS','LAGER,PALE','PILSEN','5,00',1057);
INSERT INTO bier VALUES(34,'FREIBERGER PILS','LAGER,PALE','PILSEN','4,90',776);
INSERT INTO bier VALUES(35,'HANSA PILS','LAGER,PALE','PILSEN','5,00',959);
INSERT INTO bier VALUES(36,'HERFORDER PILS','LAGER,PALE','PILSEN','4,80',975);
INSERT INTO bier VALUES(37,'HOLSTEN PILSENER','LAGER,PALE','PILSEN','5,00',988);
INSERT INTO bier VALUES(38,'JAHNS BRAU','LAGER,PALE','PILSEN','5,00',1001);
INSERT INTO bier VALUES(39,'JEVER PILSENER','LAGER,PALE','PILSEN','5,00',730);
INSERT INTO bier VALUES(40,'KADEWE','LAGER,PALE','PILSEN','5,00',1009);
INSERT INTO bier VALUES(41,'KAISERDOM PILS','LAGER,PALE','PILSEN','4,50',1011);
INSERT INTO bier VALUES(42,'KAISERDOM PILSENER','LAGER,PALE','PILSEN','5,00',791);
INSERT INTO bier VALUES(43,'KITZMANN EDELPILS','LAGER,PALE','PILSEN','5,00',1020);
INSERT INTO bier VALUES(44,'KLOSTERBRAU PILSENER','LAGER,PALE','PILSEN','5,00',683);
INSERT INTO bier VALUES(45,'KOEPFF PILS','LAGER,PALE','PILSEN','5,00',1023);
INSERT INTO bier VALUES(46,'KONIG PILSENER','LAGER,PALE','PILSEN','4,90',1026);
INSERT INTO bier VALUES(47,'KRISTALL PILS','LAGER,PALE','PILSEN','5,00',1174);
INSERT INTO bier VALUES(48,'KUR PILS','LAGER,PALE','PILSEN','5,00',1302);
INSERT INTO bier VALUES(49,'LOSCHER PILS','LAGER,PALE','PILSEN','5,00',1060);
INSERT INTO bier VALUES(50,'MERLIN''S PILSENER','LAGER,PALE','PILSEN','4,90',743);
INSERT INTO bier VALUES(51,'PALMBRAU PILSENER','LAGER,PALE','PILSEN','5,00',1130);
INSERT INTO bier VALUES(52,'PAULANER PILS','LAGER,PALE','PILSEN','5,00',1133);
INSERT INTO bier VALUES(53,'RITTER PILS','LAGER,PALE','PILSEN','5,00',1167);
INSERT INTO bier VALUES(54,'ROSEN PILS','LAGER,PALE','PILSEN','4,80',1178);
INSERT INTO bier VALUES(55,'ROTHAUS PILS','LAGER,PALE','PILSEN','5,00',1179);
INSERT INTO bier VALUES(56,'SANDLERBRAU PILSENER','LAGER,PALE','PILSEN','5,00',1192);
INSERT INTO bier VALUES(57,'SCHWABEN BRAU PILSENER','LAGER,PALE','PILSEN','4,90',1206);
INSERT INTO bier VALUES(58,'THURN UND TAXIS PILS','LAGER,PALE','PILSEN','4,90',1267);
INSERT INTO bier VALUES(59,'VELDENSTEINER PILSENER','LAGER,PALE','PILSEN','5,00',1010);
INSERT INTO bier VALUES(60,'VELTINS PILSENER','LAGER,PALE','PILSEN','5,00',1319);
INSERT INTO bier VALUES(61,'WOLTERS PILSENER','LAGER,PALE','PILSEN','4,80',1337);
INSERT INTO bier VALUES(62,704,'LAGER,PALE','PILSEN','5,20',754);
INSERT INTO bier VALUES(63,'CITTAVECCHIA CHIARA','LAGER,PALE','PILSEN','5,00',821);
INSERT INTO bier VALUES(64,'DOLOMITI PILSEN','LAGER,PALE','PILSEN','5,00',686);
INSERT INTO bier VALUES(65,'EDEL BIER','LAGER,PALE','PILSEN','5,00',1081);
INSERT INTO bier VALUES(66,'EXTRA HOP','LAGER,PALE','PILSEN','4,80',753);
INSERT INTO bier VALUES(67,'FORST PILS','LAGER,PALE','PILSEN','5,00',916);
INSERT INTO bier VALUES(68,'ITALA PILSEN','LAGER,PALE','PILSEN','5,00',1139);
INSERT INTO bier VALUES(69,'LA FABBRICA PILS','LAGER,PALE','PILSEN','4,50',1037);
INSERT INTO bier VALUES(70,'N.1','LAGER,PALE','PILSEN','4,50',733);
INSERT INTO bier VALUES(71,'NEPTUN KRONE','LAGER,PALE','PILSEN','4,50',995);
INSERT INTO bier VALUES(72,'PREMIUM PILS','LAGER,PALE','PILSEN','5,20',1317);
INSERT INTO bier VALUES(73,'ST. JOHANNES BRAU PILS','LAGER,PALE','PILSEN','4,90',1235);
INSERT INTO bier VALUES(74,'TIPOPILS','LAGER,PALE','PILSEN','5,20',753);
INSERT INTO bier VALUES(75,'VALLEY PILSENER','LAGER,PALE','PILSEN','5,00',1310);
INSERT INTO bier VALUES(76,'ZAHRE PILS','LAGER,PALE','PILSEN','5,00',1351);
INSERT INTO bier VALUES(77,'BRAND PILSENER','LAGER,PALE','PILSEN','5,00',771);
INSERT INTO bier VALUES(78,'CHRISTOFFEL BLOND','LAGER,PALE','PILSEN','5,00',1234);
INSERT INTO bier VALUES(79,'HERTOG JAN PILSENER','LAGER,PALE','PILSEN','5,00',844);
INSERT INTO bier VALUES(80,'ORANJEBOOM DE LUXE','LAGER,PALE','PILSEN','4,90',1118);
INSERT INTO bier VALUES(81,'RINGNES PILS','LAGER,PALE','PILSEN','4,70',1165);
INSERT INTO bier VALUES(82,'WISBY PILS','LAGER,PALE','PILSEN','5,00',1230);
INSERT INTO bier VALUES(83,'PRIMA PILS','LAGER,PALE','PILSEN','5,00',1323);
INSERT INTO bier VALUES(84,'WUNDERBAR PILS','LAGER,PALE','PILSEN','4,90',933);
INSERT INTO bier VALUES(85,'GRIESKIRCHNER ZWICKEL','LAGER,PALE','ZWICKEL','5,00',944);
INSERT INTO bier VALUES(86,1417,'LAGER,PALE','ZWICKEL','5,50',954);
INSERT INTO bier VALUES(87,'WIENINGER ZWICKEL','LAGER,PALE','ZWICKEL','5,00',1334);
INSERT INTO bier VALUES(88,'CALANDA ZWICKEL','LAGER,PALE','ZWICKEL','4,90',797);
INSERT INTO bier VALUES(89,'KLOSTERBRAU','LAGER,PALE','ZWICKEL','4,80',887);
INSERT INTO bier VALUES(90,'CASTLEMAINE XXXX','LAGER,PALE','','4,80',809);
INSERT INTO bier VALUES(91,'FOSTER''S LAGER','LAGER,PALE','','4,50',917);
INSERT INTO bier VALUES(92,'ADAMBRAU','LAGER,PALE','','5,00',685);
INSERT INTO bier VALUES(93,'FOHRENBURGER','LAGER,PALE','','5,60',915);
INSERT INTO bier VALUES(94,'FREISTADTER BIER','LAGER,PALE','','5,00',777);
INSERT INTO bier VALUES(95,'GOSSER EXPORT','LAGER,PALE','','5,00',1246);
INSERT INTO bier VALUES(96,'GOSSER GOLD','LAGER,PALE','','5,00',1246);
INSERT INTO bier VALUES(97,'KAISER BIER','LAGER,PALE','','5,00',1120);
INSERT INTO bier VALUES(98,'KENNEN','LAGER,PALE','','5,00',1153);
INSERT INTO bier VALUES(99,'OTTAKRINGER LAGER','LAGER,PALE','','5,20',1121);
INSERT INTO bier VALUES(100,'PANTHER BRAU','LAGER,PALE','','5,40',1153);
INSERT INTO bier VALUES(101,'STARKENBERGER URHELL','LAGER,PALE','','5,00',1203);
INSERT INTO bier VALUES(102,'STEFFL EXPORT','LAGER,PALE','','5,40',1120);
INSERT INTO bier VALUES(103,'STIEGL GOLD','LAGER,PALE','','5,00',1249);
INSERT INTO bier VALUES(104,'VILLACHER GOLD','LAGER,PALE','','5,00',1320);
INSERT INTO bier VALUES(105,'ZIPFER BIER','LAGER,PALE','','5,00',1120);
INSERT INTO bier VALUES(106,'ZIPFER MARZEN','LAGER,PALE','','5,20',1120);
INSERT INTO bier VALUES(107,'CLUB DE STELLA ARTOIS','LAGER,PALE','','5,00',707);
INSERT INTO bier VALUES(108,'LOBURG','LAGER,PALE','','5,00',707);
INSERT INTO bier VALUES(109,'STELLA ARTOIS','LAGER,PALE','','5,00',707);
INSERT INTO bier VALUES(110,'BAVARIA LAGER','LAGER,PALE','','5,00',728);
INSERT INTO bier VALUES(111,'BRAHMA CHOPPP','LAGER,PALE','','4,00',768);
INSERT INTO bier VALUES(112,'LABATT''S CANADIAN','LAGER,PALE','','5,00',1041);
INSERT INTO bier VALUES(113,'BUDWEISER BUDVAR','LAGER,PALE','','5,00',790);
INSERT INTO bier VALUES(114,'STAROPRAMEN','LAGER,PALE','','5,00',1243);
INSERT INTO bier VALUES(115,'CHUNG HUA','LAGER,PALE','','5,00',1352);
INSERT INTO bier VALUES(116,'SHANGAI','LAGER,PALE','','4,00',1210);
INSERT INTO bier VALUES(117,'ZHONG HUA','LAGER,PALE','','5,00',1352);
INSERT INTO bier VALUES(118,'ANTILLANA','LAGER,PALE','','4,80',1270);
INSERT INTO bier VALUES(119,'PALMA CRISTAL','LAGER,PALE','','4,90',789);
INSERT INTO bier VALUES(120,'ALBANI BEER','LAGER,PALE','','5,00',691);
INSERT INTO bier VALUES(121,'CARLSBERG BEER','LAGER,PALE','','4,60',807);
INSERT INTO bier VALUES(122,'CERES BEER','LAGER,PALE','','5,00',813);
INSERT INTO bier VALUES(123,'FAXE','LAGER,PALE','','5,60',906);
INSERT INTO bier VALUES(124,'RED ERIC','LAGER,PALE','','5,00',813);
INSERT INTO bier VALUES(125,'TUBORG GOLD LABEL','LAGER,PALE','','5,70',1291);
INSERT INTO bier VALUES(126,'PRESIDENT','LAGER,PALE','','5,00',814);
INSERT INTO bier VALUES(127,'ALSOPP''S LAGER','LAGER,PALE','','5,00',998);
INSERT INTO bier VALUES(128,'LONG LIFE','LAGER,PALE','','5,00',998);
INSERT INTO bier VALUES(129,'SKOL LAGER','LAGER,PALE','','5,00',998);
INSERT INTO bier VALUES(130,'SKONA EXPORT','LAGER,PALE','','5,00',955);
INSERT INTO bier VALUES(131,'SLALOM LAGER','LAGER,PALE','','5,00',1063);
INSERT INTO bier VALUES(132,'TRENT EXPORT LAGER','LAGER,PALE','','4,90',1283);
INSERT INTO bier VALUES(133,'S. MIGUEL','LAGER,PALE','','5,00',1186);
INSERT INTO bier VALUES(134,'KARHU','LAGER,PALE','','4,60',1219);
INSERT INTO bier VALUES(135,'LAPIN KULTA','LAGER,PALE','','5,20',1045);
INSERT INTO bier VALUES(136,'EXPORT 33','LAGER,PALE','','5,00',1300);
INSERT INTO bier VALUES(137,'GOLD DE KANTERBRAU','LAGER,PALE','','5,00',1014);
INSERT INTO bier VALUES(138,'GOTHIC','LAGER,PALE','','5,00',1014);
INSERT INTO bier VALUES(139,'KANTERBRAU','LAGER,PALE','','5,00',1014);
INSERT INTO bier VALUES(140,'KRONENBOURG','LAGER,PALE','','5,20',1027);
INSERT INTO bier VALUES(141,'LA BELLE STRASBOURGEUSE','LAGER,PALE','','4,90',910);
INSERT INTO bier VALUES(142,'LA TOURMENTE DE MARS','LAGER,PALE','','5,90',941);
INSERT INTO bier VALUES(143,'MUTZIG','LAGER,PALE','','5,00',1098);
INSERT INTO bier VALUES(144,'PELFORTH FRESH','LAGER,PALE','','5,00',1134);
INSERT INTO bier VALUES(145,'PELFORTH PALE','LAGER,PALE','','6,00',1134);
INSERT INTO bier VALUES(146,'SAINT OMER','LAGER,PALE','','5,00',1190);
INSERT INTO bier VALUES(147,'TOURMENTE','LAGER,PALE','','5,00',941);
INSERT INTO bier VALUES(148,'ALTENMUNSTER','LAGER,PALE','','4,90',696);
INSERT INTO bier VALUES(149,'AYINGER LAGER','LAGER,PALE','','5,00',713);
INSERT INTO bier VALUES(150,'AYINGER STRONG LAGER','LAGER,PALE','','5,00',713);
INSERT INTO bier VALUES(151,'BECKER''S','LAGER,PALE','','5,00',734);
INSERT INTO bier VALUES(152,'BECK''S BIER','LAGER,PALE','','5,00',735);
INSERT INTO bier VALUES(153,'BIERE DES DRUIDES','LAGER,PALE','','5,00',893);
INSERT INTO bier VALUES(154,'CESARUM 1','LAGER,PALE','','5,00',893);
INSERT INTO bier VALUES(155,'CLASSIC','LAGER,PALE','','5,30',870);
INSERT INTO bier VALUES(156,'DAB ACTIEN','LAGER,PALE','','5,00',869);
INSERT INTO bier VALUES(157,'DACHSENFRANZ KELLERBIER','LAGER,PALE','','5,20',974);
INSERT INTO bier VALUES(158,'DINCKEL ACKER PRIVAT','LAGER,PALE','','5,00',863);
INSERT INTO bier VALUES(159,'DRESSLER','LAGER,PALE','','5,20',979);
INSERT INTO bier VALUES(160,'DUB EXPORT','LAGER,PALE','','5,00',871);
INSERT INTO bier VALUES(161,'EDELHELL','LAGER,PALE','','5,00',954);
INSERT INTO bier VALUES(162,'FALKENTURM','LAGER,PALE','','5,40',858);
INSERT INTO bier VALUES(163,'FESTBIER','LAGER,PALE','','5,60',1000);
INSERT INTO bier VALUES(164,'FINK BRAU','LAGER,PALE','','4,90',1054);
INSERT INTO bier VALUES(165,'FRANZ JOSEPH JUBELBIER','LAGER,PALE','','5,50',1189);
INSERT INTO bier VALUES(166,'FURSTENBERG','LAGER,PALE','','5,00',925);
INSERT INTO bier VALUES(167,'HASEN BRAU','LAGER,PALE','','5,00',966);
INSERT INTO bier VALUES(168,'HENNINGER EXPORT','LAGER,PALE','','5,30',973);
INSERT INTO bier VALUES(169,'HENNINGER KAISER PREMIUM','LAGER,PALE','','5,00',973);
INSERT INTO bier VALUES(170,'HENNINGER MEISTER','LAGER,PALE','','5,00',973);
INSERT INTO bier VALUES(171,'HENNINGER PRIVAT','LAGER,PALE','','5,00',973);
INSERT INTO bier VALUES(172,'HOFBRAU ROYAL','LAGER,PALE','','5,00',984);
INSERT INTO bier VALUES(173,'HOLSTEN BIER','LAGER,PALE','','5,00',988);
INSERT INTO bier VALUES(174,'HOLSTEN EXPORT','LAGER,PALE','','5,00',988);
INSERT INTO bier VALUES(175,'ICE BEER','LAGER,PALE','','4,50',893);
INSERT INTO bier VALUES(176,'JAHRHUNDERTBIER','LAGER,PALE','','5,50',713);
INSERT INTO bier VALUES(177,'KLOSTER BIER','LAGER,PALE','','5,00',897);
INSERT INTO bier VALUES(178,'KULMB. SCHWEIZERHOFBR.','LAGER,PALE','','5,00',1028);
INSERT INTO bier VALUES(179,'LOSCHER BIER','LAGER,PALE','','5,00',1060);
INSERT INTO bier VALUES(180,'LOWENBRAU','LAGER,PALE','','5,00',1062);
INSERT INTO bier VALUES(181,'MANNLICH','LAGER,PALE','','5,00',1015);
INSERT INTO bier VALUES(182,'MONCHSGOLD','LAGER,PALE','','5,00',1010);
INSERT INTO bier VALUES(183,'PATRIZIER','LAGER,PALE','','5,00',1132);
INSERT INTO bier VALUES(184,'PAULANER HELL URTYP','LAGER,PALE','','5,50',1133);
INSERT INTO bier VALUES(185,'PINKUS SPEZIAL','LAGER,PALE','','5,10',1142);
INSERT INTO bier VALUES(186,'PLANKSTETTEN SPEZIAL','LAGER,PALE','','5,30',1163);
INSERT INTO bier VALUES(187,'POLSTER','LAGER,PALE','','5,00',1147);
INSERT INTO bier VALUES(188,'PRIMA','LAGER,PALE','','4,60',1163);
INSERT INTO bier VALUES(189,'REGENTEN','LAGER,PALE','','5,00',1160);
INSERT INTO bier VALUES(190,'REICHELBRAU FESTBIER','LAGER,PALE','','5,00',1161);
INSERT INTO bier VALUES(191,'RIEGELE HELL','LAGER,PALE','','5,00',1164);
INSERT INTO bier VALUES(192,'S. PAULI GIRL','LAGER,PALE','','5,00',735);
INSERT INTO bier VALUES(193,'SPACE 2001','LAGER,PALE','','5,00',1011);
INSERT INTO bier VALUES(194,'SPATENGOLD','LAGER,PALE','','5,40',1229);
INSERT INTO bier VALUES(195,'STAUDER','LAGER,PALE','','5,00',1244);
INSERT INTO bier VALUES(196,'TUCHER EXPORT','LAGER,PALE','','5,00',1292);
INSERT INTO bier VALUES(197,'TYROLIAN BRAU','LAGER,PALE','','5,00',893);
INSERT INTO bier VALUES(198,'WARSTEINER','LAGER,PALE','','5,00',1325);
INSERT INTO bier VALUES(199,'WURZBURGER','LAGER,PALE','','5,00',1342);
INSERT INTO bier VALUES(200,'PORT ROYAL EXPORT','LAGER,PALE','','5,00',815);
INSERT INTO bier VALUES(201,'SALVA VIDA','LAGER,PALE','','5,00',815);
INSERT INTO bier VALUES(202,'COBRA','LAGER,PALE','','5,00',823);
INSERT INTO bier VALUES(203,'KALYANI','LAGER,PALE','','4,80',1301);
INSERT INTO bier VALUES(204,'KINGFISHER','LAGER,PALE','','5,00',1301);
INSERT INTO bier VALUES(205,'XXX LAGER','LAGER,PALE','','5,00',1346);
INSERT INTO bier VALUES(206,'HARP','LAGER,PALE','','5,00',946);
INSERT INTO bier VALUES(207,'MACCABEE','LAGER,PALE','','4,90',1258);
INSERT INTO bier VALUES(208,1492,'LAGER,PALE','','4,70',872);
INSERT INTO bier VALUES(209,'150 ANNIVERSARIO CHIARA','LAGER,PALE','','5,00',1081);
INSERT INTO bier VALUES(210,'ASTER BIER','LAGER,PALE','','4,70',931);
INSERT INTO bier VALUES(211,'BF&D HELL','LAGER,PALE','','5,00',744);
INSERT INTO bier VALUES(212,'BIONDA','LAGER,PALE','','5,00',793);
INSERT INTO bier VALUES(213,'BIONDA','LAGER,PALE','','5,20',1111);
INSERT INTO bier VALUES(214,'BIRRA CASTELLO','LAGER,PALE','','5,00',808);
INSERT INTO bier VALUES(215,'CASTELBERG','LAGER,PALE','','5,40',1193);
INSERT INTO bier VALUES(216,'CERVISIA','LAGER,PALE','','4,50',817);
INSERT INTO bier VALUES(217,'CLARA','LAGER,PALE','','4,80',755);
INSERT INTO bier VALUES(218,'CREMONA','LAGER,PALE','','4,80',812);
INSERT INTO bier VALUES(219,'CRYSTALL WUHRER','LAGER,PALE','','5,00',1340);
INSERT INTO bier VALUES(220,'DANA BRAU','LAGER,PALE','','4,50',1340);
INSERT INTO bier VALUES(221,'DREHER','LAGER,PALE','','5,00',872);
INSERT INTO bier VALUES(222,'EL FIGOUN','LAGER,PALE','','5,20',697);
INSERT INTO bier VALUES(223,'FORST BIRRA DI PASQUA','LAGER,PALE','','5,60',916);
INSERT INTO bier VALUES(224,'ICHNUSA','LAGER,PALE','','5,00',996);
INSERT INTO bier VALUES(225,'KRONEN','LAGER,PALE','','5,00',916);
INSERT INTO bier VALUES(226,'LOCKWOODS EXPORT BIER','LAGER,PALE','','5,00',1059);
INSERT INTO bier VALUES(227,'MARILYN','LAGER,PALE','','4,90',752);
INSERT INTO bier VALUES(228,'MORETTI','LAGER,PALE','','4,70',1093);
INSERT INTO bier VALUES(229,'MULLER','LAGER,PALE','','6,00',793);
INSERT INTO bier VALUES(230,'NASTRO AZZURRO','LAGER,PALE','','5,00',1139);
INSERT INTO bier VALUES(231,'OMNIA','LAGER,PALE','','5,50',714);
INSERT INTO bier VALUES(232,'PAULVER LAGER','LAGER,PALE','','5,00',1240);
INSERT INTO bier VALUES(233,'PEDAVENA','LAGER,PALE','','5,00',970);
INSERT INTO bier VALUES(234,'PERONI','LAGER,PALE','','4,60',1139);
INSERT INTO bier VALUES(235,'PRAFORTE CHIARA','LAGER,PALE','','5,00',1261);
INSERT INTO bier VALUES(236,'PRINZ BRAU PREMIUM','LAGER,PALE','','5,00',1152);
INSERT INTO bier VALUES(237,'PUSTERTALER SPEZIAL','LAGER,PALE','','5,40',1154);
INSERT INTO bier VALUES(238,'S. VICTOR''S','LAGER,PALE','','4,50',995);
INSERT INTO bier VALUES(239,'S.GIORGIO','LAGER,PALE','','5,00',1148);
INSERT INTO bier VALUES(240,'SIMPLON','LAGER,PALE','','5,00',1340);
INSERT INTO bier VALUES(241,'SPINNER','LAGER,PALE','','4,70',931);
INSERT INTO bier VALUES(242,'SPLUGEN ORO','LAGER,PALE','','5,00',1148);
INSERT INTO bier VALUES(243,'STELVIO','LAGER,PALE','','4,80',1247);
INSERT INTO bier VALUES(244,'STUCK','LAGER,PALE','','5,50',1341);
INSERT INTO bier VALUES(245,'SVEVA','LAGER,PALE','','5,00',938);
INSERT INTO bier VALUES(246,'THERESIANER PREMIUM','LAGER,PALE','','4,80',1265);
INSERT INTO bier VALUES(247,'VALLEY CONTINENTAL LAGER','LAGER,PALE','','5,00',1310);
INSERT INTO bier VALUES(248,'VECCHIO PESCATORE','LAGER,PALE','','5,00',1318);
INSERT INTO bier VALUES(249,'VIKING BEER','LAGER,PALE','','5,50',1148);
INSERT INTO bier VALUES(250,'VON WUNSTER CHIARA','LAGER,PALE','','5,00',1341);
INSERT INTO bier VALUES(251,'WUNSTER EXPORT 14','LAGER,PALE','','5,00',1341);
INSERT INTO bier VALUES(252,'ASASHI SUPER DRY','LAGER,PALE','','5,00',708);
INSERT INTO bier VALUES(253,'KIRIN','LAGER,PALE','','5,00',1019);
INSERT INTO bier VALUES(254,'KIRIN ICHIBAN','LAGER,PALE','','5,50',1019);
INSERT INTO bier VALUES(255,'SAPPORO BLACK LABEL','LAGER,PALE','','5,00',1194);
INSERT INTO bier VALUES(256,'SAPPORO DRAFT BEER','LAGER,PALE','','5,00',1194);
INSERT INTO bier VALUES(257,'SAPPORO PREMIUM LAGER','LAGER,PALE','','4,50',947);
INSERT INTO bier VALUES(258,'YEBISU','LAGER,PALE','','5,00',1194);
INSERT INTO bier VALUES(259,'TUSKER PREMIUM LAGER','LAGER,PALE','','5,00',1016);
INSERT INTO bier VALUES(260,'CISK LAGER','LAGER,PALE','','5,00',905);
INSERT INTO bier VALUES(261,'BOHEMIA LAGER','LAGER,PALE','','5,30',761);
INSERT INTO bier VALUES(262,'CORONA EXTRA','LAGER,PALE','','4,50',1087);
INSERT INTO bier VALUES(263,'DOS EQUIS LAGER','LAGER,PALE','','4,60',1086);
INSERT INTO bier VALUES(264,'SOL','LAGER,PALE','','5,00',1086);
INSERT INTO bier VALUES(265,'AMSTEL','LAGER,PALE','','5,00',698);
INSERT INTO bier VALUES(266,'AMSTEL ZOMMER','LAGER,PALE','','5,00',971);
INSERT INTO bier VALUES(267,'BAVARIA','LAGER,PALE','','5,00',729);
INSERT INTO bier VALUES(268,'BREDA','LAGER,PALE','','5,00',782);
INSERT INTO bier VALUES(269,'GROLSCH LAGER','LAGER,PALE','','5,00',945);
INSERT INTO bier VALUES(270,'HEINEKEN','LAGER,PALE','','5,00',971);
INSERT INTO bier VALUES(271,'HOLLANDIA','LAGER,PALE','','4,80',950);
INSERT INTO bier VALUES(272,'ROYAL BRAND','LAGER,PALE','','5,00',771);
INSERT INTO bier VALUES(273,'ROYAL DUTCH','LAGER,PALE','','5,00',1151);
INSERT INTO bier VALUES(274,'TULIPAN','LAGER,PALE','','5,00',1256);
INSERT INTO bier VALUES(275,'HANSA','LAGER,PALE','','4,70',960);
INSERT INTO bier VALUES(276,'CUSQUENA','LAGER,PALE','','5,00',816);
INSERT INTO bier VALUES(277,'LECH PREMIUM','LAGER,PALE','','5,70',1024);
INSERT INTO bier VALUES(278,'IMPERIAL','LAGER,PALE','','5,10',811);
INSERT INTO bier VALUES(279,'SAGRES','LAGER,PALE','','5,00',811);
INSERT INTO bier VALUES(280,'SUPERBOCK','LAGER,PALE','','5,80',1297);
INSERT INTO bier VALUES(281,'CAVALIER MC EWANS','LAGER,PALE','','5,00',1208);
INSERT INTO bier VALUES(282,'TENNENT''S 1885','LAGER,PALE','','5,00',1259);
INSERT INTO bier VALUES(283,'TENNENT''S EXTRA','LAGER,PALE','','4,50',1259);
INSERT INTO bier VALUES(284,'TENNENT''S LAGER','LAGER,PALE','','5,00',1259);
INSERT INTO bier VALUES(285,'TIGER','LAGER,PALE','','5,00',710);
INSERT INTO bier VALUES(286,'GOLD HORN','LAGER,PALE','','5,00',1046);
INSERT INTO bier VALUES(287,'LASKO','LAGER,PALE','','5,00',1046);
INSERT INTO bier VALUES(288,'PREMIUM PIVO','LAGER,PALE','','5,00',1299);
INSERT INTO bier VALUES(289,'SMILE','LAGER,PALE','','5,00',1299);
INSERT INTO bier VALUES(290,'UNION SVETLO PIVO','LAGER,PALE','','5,00',1299);
INSERT INTO bier VALUES(291,'ZLATOROG CLUB','LAGER,PALE','','5,00',1046);
INSERT INTO bier VALUES(292,'ZLATOROG PIVO','LAGER,PALE','','5,00',1046);
INSERT INTO bier VALUES(293,'AMBAR','LAGER,PALE','','5,20',1040);
INSERT INTO bier VALUES(294,'ESTRELLA GALICIA','LAGER,PALE','','5,00',981);
INSERT INTO bier VALUES(295,'XIBECA','LAGER,PALE','','4,60',836);
INSERT INTO bier VALUES(296,'BARBARA','LAGER,PALE','','5,90',887);
INSERT INTO bier VALUES(297,'BIERA ENGIADINAISA','LAGER,PALE','','5,00',746);
INSERT INTO bier VALUES(298,'CALANDA BRAU','LAGER,PALE','','4,80',797);
INSERT INTO bier VALUES(299,'CALANDA EDELBRAU','LAGER,PALE','','5,20',797);
INSERT INTO bier VALUES(300,'CALANDA MEISTERBRAU','LAGER,PALE','','5,20',797);
INSERT INTO bier VALUES(301,'CARDINAL DRAFT','LAGER,PALE','','4,90',803);
INSERT INTO bier VALUES(302,'COOP BIO BIER','LAGER,PALE','','5,20',1058);
INSERT INTO bier VALUES(303,'QUOLLFRISCH','LAGER,PALE','','5,00',1058);
INSERT INTO bier VALUES(304,'TELL','LAGER,PALE','','4,80',827);
INSERT INTO bier VALUES(305,'NORRLANDS GUND','LAGER,PALE','','5,30',1230);
INSERT INTO bier VALUES(306,'OLD GOLD','LAGER,PALE','','5,00',1230);
INSERT INTO bier VALUES(307,'SPENDRUP''S EXPORT','LAGER,PALE','','5,00',1230);
INSERT INTO bier VALUES(308,'SPENDRUP''S ORIGINAL','LAGER,PALE','','5,20',1230);
INSERT INTO bier VALUES(309,'HINANO','LAGER,PALE','','4,90',773);
INSERT INTO bier VALUES(310,'SHINGA BEER','LAGER,PALE','','6,00',763);
INSERT INTO bier VALUES(311,'ZHIGULI BEER','LAGER,PALE','','4,20',1353);
INSERT INTO bier VALUES(312,'BLUE RIBBON','LAGER,PALE','','4,60',1125);
INSERT INTO bier VALUES(313,'BROOKLIN LAGER','LAGER,PALE','','5,00',786);
INSERT INTO bier VALUES(314,'BUDWEISER LAGER','LAGER,PALE','','4,80',701);
INSERT INTO bier VALUES(315,'BUDWEISER PREMIUM BEER','LAGER,PALE','','5,00',701);
INSERT INTO bier VALUES(316,'BUSH','LAGER,PALE','','5,00',701);
INSERT INTO bier VALUES(317,'GENUINE DRAFT','LAGER,PALE','','4,70',1085);
INSERT INTO bier VALUES(318,'LONGBOARD LAGER','LAGER,PALE','','5,50',1025);
INSERT INTO bier VALUES(319,'MICHELOB','LAGER,PALE','','4,80',701);
INSERT INTO bier VALUES(320,'MILLER HIGH LIFE','LAGER,PALE','','5,00',1085);
INSERT INTO bier VALUES(321,'MILLER LITE','LAGER,PALE','','5,00',1085);
INSERT INTO bier VALUES(322,'OLYMPIA','LAGER,PALE','','4,30',1115);
INSERT INTO bier VALUES(323,'SAMUEL ADAMS BOSTON LAGER','LAGER,PALE','','5,00',765);
INSERT INTO bier VALUES(324,'SCHMIDT''S','LAGER,PALE','','5,00',795);
INSERT INTO bier VALUES(325,'STROH''S','LAGER,PALE','','5,00',1255);
INSERT INTO bier VALUES(326,'BECEJSKO PIVO','LAGER,PALE','','5,00',690);
INSERT INTO bier VALUES(327,'GOLD PIVO','LAGER,PALE','','5,00',1145);
INSERT INTO bier VALUES(328,'HELEN PIVO','LAGER,PALE','','5,00',1145);
INSERT INTO bier VALUES(329,'NIKSICKO PIVO','LAGER,PALE','','5,00',1144);
INSERT INTO bier VALUES(330,'OZUJSKO PIVO','LAGER,PALE','','5,00',1350);
INSERT INTO bier VALUES(331,'EGGENBERGER URBOCK','STRONG LAGE','BOCK','9,90',883);
INSERT INTO bier VALUES(332,'LIBERTY BEER','STRONG LAGE','BOCK','7,40',883);
INSERT INTO bier VALUES(333,'STEINBOCK','STRONG LAGE','BOCK','5,00',987);
INSERT INTO bier VALUES(334,'BERGBOCK HELL','STRONG LAGE','BOCK','6,80',1021);
INSERT INTO bier VALUES(335,'BOMBER''S PIN UP','STRONG LAGE','BOCK','7,50',893);
INSERT INTO bier VALUES(336,'EINBECKER URBOCK','STRONG LAGE','BOCK','5,00',888);
INSERT INTO bier VALUES(337,'EKU EDELBOCK','STRONG LAGE','BOCK','6,80',895);
INSERT INTO bier VALUES(338,'FORTATOR','STRONG LAGE','BOCK','12,00',893);
INSERT INTO bier VALUES(339,'GAMBRINUS DOPPELBOCK','STRONG LAGE','BOCK','5,00',928);
INSERT INTO bier VALUES(340,'GOLDBOCK','STRONG LAGE','BOCK','7,10',1334);
INSERT INTO bier VALUES(341,'GOLDSTADT 22','STRONG LAGE','BOCK','8,00',780);
INSERT INTO bier VALUES(342,'HELLER BOCK','STRONG LAGE','BOCK','5,00',704);
INSERT INTO bier VALUES(343,'HUIT CYLINDRES','STRONG LAGE','BOCK','7,50',893);
INSERT INTO bier VALUES(344,'MAHRS BOCK','STRONG LAGE','BOCK','6,50',1069);
INSERT INTO bier VALUES(345,'PAULANER URBOCK','STRONG LAGE','BOCK','7,50',1133);
INSERT INTO bier VALUES(346,'SENATOR URBOCK','STRONG LAGE','BOCK','5,00',988);
INSERT INTO bier VALUES(347,'URACHER OLPP','STRONG LAGE','BOCK','5,00',1114);
INSERT INTO bier VALUES(348,709,'STRONG LAGE','BOCK','6,20',754);
INSERT INTO bier VALUES(349,'BF&D BOCK','STRONG LAGE','BOCK','5,00',744);
INSERT INTO bier VALUES(350,'BIBOCK','STRONG LAGE','BOCK','6,20',753);
INSERT INTO bier VALUES(351,'FORST MEIBOCK','STRONG LAGE','BOCK','5,00',916);
INSERT INTO bier VALUES(352,'MOLTOMALTO','STRONG LAGE','BOCK','7,50',733);
INSERT INTO bier VALUES(353,'RISERVA ORO PLANAIS','STRONG LAGE','BOCK','6,20',808);
INSERT INTO bier VALUES(354,'SPLUGEN BOCK','STRONG LAGE','BOCK','5,00',1148);
INSERT INTO bier VALUES(355,'SPLUGEN BOCK ROSSA','STRONG LAGE','BOCK','5,00',1148);
INSERT INTO bier VALUES(356,'BLONDE BOCK','STRONG LAGE','BOCK','5,00',937);
INSERT INTO bier VALUES(357,'DEAD GUY ALE','STRONG LAGE','BOCK','6,80',1173);
INSERT INTO bier VALUES(358,'MAIBOCK','STRONG LAGE','BOCK','5,00',936);
INSERT INTO bier VALUES(359,'MAIBOCK','STRONG LAGE','BOCK','5,00',692);
INSERT INTO bier VALUES(360,'BROWN BEAR','STRONG LAGE','EXTRASTRONG','10,00',962);
INSERT INTO bier VALUES(361,'BIERE DU DEMON','STRONG LAGE','EXTRASTRONG','12,00',892);
INSERT INTO bier VALUES(362,'BIERE SPECIALE SUPER FORTE','STRONG LAGE','EXTRASTRONG','7,90',886);
INSERT INTO bier VALUES(363,8.6,'STRONG LAGE','EXTRASTRONG','7,90',729);
INSERT INTO bier VALUES(364,'AMSTERDAM NAVIGATOR','STRONG LAGE','EXTRASTRONG','10,00',945);
INSERT INTO bier VALUES(365,'GORDON FINEST GOLD','STRONG LAGE','EXTRASTRONG','10,00',1005);
INSERT INTO bier VALUES(366,'TENNENT''S SUPER','STRONG LAGE','EXTRASTRONG','9,60',1259);
INSERT INTO bier VALUES(367,'JESINA SPEZIAL BIER','STRONG LAGE','','5,00',1200);
INSERT INTO bier VALUES(368,'EXTRA STOCK','STRONG LAGE','','7,20',1041);
INSERT INTO bier VALUES(369,'OLD STOCK','STRONG LAGE','','6,00',804);
INSERT INTO bier VALUES(370,'BJORN BEER','STRONG LAGE','','8,90',962);
INSERT INTO bier VALUES(371,'CARLSBERG SPECIAL','STRONG LAGE','','8,50',806);
INSERT INTO bier VALUES(372,'CERES EXPORT','STRONG LAGE','','7,70',813);
INSERT INTO bier VALUES(373,'ELEPHANT','STRONG LAGE','','7,10',806);
INSERT INTO bier VALUES(374,'GIRAF','STRONG LAGE','','6,80',691);
INSERT INTO bier VALUES(375,'ROYAL DENMARK','STRONG LAGE','','7,80',1290);
INSERT INTO bier VALUES(376,'ALLSOPP''S STRONG LAGER','STRONG LAGE','','5,00',998);
INSERT INTO bier VALUES(377,'CHESTER STORM','STRONG LAGE','','8,40',819);
INSERT INTO bier VALUES(378,'CREST SUPER','STRONG LAGE','','10,00',833);
INSERT INTO bier VALUES(379,'MUST','STRONG LAGE','','8,20',678);
INSERT INTO bier VALUES(380,'SLALOM STRONG LAGER','STRONG LAGE','','5,00',1077);
INSERT INTO bier VALUES(381,'TRENT STRONG BEER','STRONG LAGE','','7,50',1283);
INSERT INTO bier VALUES(382,'LAPIN KULTA 7','STRONG LAGE','','7,00',1045);
INSERT INTO bier VALUES(383,'1664 DE KRONENBOURG','STRONG LAGE','','6,10',1027);
INSERT INTO bier VALUES(384,'BEAUBOURG','STRONG LAGE','','5,00',892);
INSERT INTO bier VALUES(385,'BIERE DU DESERT','STRONG LAGE','','7,00',892);
INSERT INTO bier VALUES(386,'BIERE DU MYSTERE','STRONG LAGE','','6,40',892);
INSERT INTO bier VALUES(387,'BIERE PRIMEUR','STRONG LAGE','','6,60',910);
INSERT INTO bier VALUES(388,'FISCHER DOPPIO MALTO','STRONG LAGE','','5,00',910);
INSERT INTO bier VALUES(389,'FISCHER GOLD PREMIUM','STRONG LAGE','','6,60',910);
INSERT INTO bier VALUES(390,'TRADITION DE FISCHER','STRONG LAGE','','6,50',910);
INSERT INTO bier VALUES(391,'BELFAGOR','STRONG LAGE','','5,00',1213);
INSERT INTO bier VALUES(392,'EULER MAXIMILIAN','STRONG LAGE','','5,00',897);
INSERT INTO bier VALUES(393,'FRANZISKUS','STRONG LAGE','','6,70',1229);
INSERT INTO bier VALUES(394,'GOLD EXPLOSION','STRONG LAGE','','7,20',976);
INSERT INTO bier VALUES(395,'TEKKNO','STRONG LAGE','','6,40',1011);
INSERT INTO bier VALUES(396,'TROMPE LA MORT','STRONG LAGE','','5,00',893);
INSERT INTO bier VALUES(397,'GOLDEN FIRE','STRONG LAGE','','6,50',1097);
INSERT INTO bier VALUES(398,'HARP STRONG','STRONG LAGE','','7,00',946);
INSERT INTO bier VALUES(399,'AMBRA','STRONG LAGE','','7,00',793);
INSERT INTO bier VALUES(400,'CRYSTALL DOPPIO MALTO','STRONG LAGE','','5,00',1340);
INSERT INTO bier VALUES(401,'GOLDEN MALT','STRONG LAGE','','5,00',1341);
INSERT INTO bier VALUES(402,'LA MI DONA','STRONG LAGE','','6,50',697);
INSERT INTO bier VALUES(403,'PERONI GRAN RISERVA','STRONG LAGE','','6,60',1139);
INSERT INTO bier VALUES(404,'RE MAGI','STRONG LAGE','','8,00',733);
INSERT INTO bier VALUES(405,'SANS SOUCI','STRONG LAGE','','5,00',1093);
INSERT INTO bier VALUES(406,'STRENNA','STRONG LAGE','','7,00',812);
INSERT INTO bier VALUES(407,'EXTRA STRONG','STRONG LAGE','','6,00',1185);
INSERT INTO bier VALUES(408,'DEBOWE MOCNE','STRONG LAGE','','7,00',1024);
INSERT INTO bier VALUES(409,'VOLL DAMM','STRONG LAGE','','7,20',836);
INSERT INTO bier VALUES(410,'RED BULL','STRONG LAGE','','7,00',1255);
INSERT INTO bier VALUES(411,'MARZENBBOCK','LAGER, AMBE','BOCK','7,20',1334);
INSERT INTO bier VALUES(412,'IMPERATOR','LAGER, AMBE','BOCK','6,50',771);
INSERT INTO bier VALUES(413,'KULMINATOR URTYP HELL','LAGER, AMBE','EXTRASTRONG','11,00',895);
INSERT INTO bier VALUES(414,'TABACHERA','LAGER, AMBE','EXTRASTRONG','10,00',697);
INSERT INTO bier VALUES(415,'CAESAURUS','LAGER, AMBE','EXTRASTRONG','12,60',993);
INSERT INTO bier VALUES(416,'SAMICHLAUS PALE','LAGER, AMBE','EXTRASTRONG','4,00',993);
INSERT INTO bier VALUES(417,'AUGUSTINER OCTOBERFEST','LAGER, AMBE','MARZEN-OCTOBER','5,00',712);
INSERT INTO bier VALUES(418,'OKTOBERFESTBIER','LAGER, AMBE','MARZEN-OCTOBER','5,90',1229);
INSERT INTO bier VALUES(419,'CITTAVECCHIA ROSSA','LAGER, AMBE','MARZEN-OCTOBER','5,00',821);
INSERT INTO bier VALUES(420,'RISERVA ROSSA PLANAIS','LAGER, AMBE','MARZEN-OCTOBER','6,20',808);
INSERT INTO bier VALUES(421,'THERESIANER VIENNA','LAGER, AMBE','MARZEN-OCTOBER','5,30',1265);
INSERT INTO bier VALUES(422,'ZAHRE VIENNA','LAGER, AMBE','MARZEN-OCTOBER','5,00',1351);
INSERT INTO bier VALUES(423,'DOS EQUIS','LAGER, AMBE','MARZEN-OCTOBER','4,60',1086);
INSERT INTO bier VALUES(424,'GORDON BIERSCH MARZEN','LAGER, AMBE','MARZEN-OCTOBER','5,00',937);
INSERT INTO bier VALUES(425,'RED ROOST','LAGER, AMBE','MARZEN-OCTOBER','5,00',1038);
INSERT INTO bier VALUES(426,'ROCKFELLER RED','LAGER, AMBE','MARZEN-OCTOBER','5,00',824);
INSERT INTO bier VALUES(427,'SAMUEL ADAMS OCTOBERFEST','LAGER, AMBE','MARZEN-OCTOBER','5,70',765);
INSERT INTO bier VALUES(428,'SAMUEL ADAMS WINTERFEST','LAGER, AMBE','MARZEN-OCTOBER','5,00',765);
INSERT INTO bier VALUES(429,'WINTER LAGER','LAGER, AMBE','MARZEN-OCTOBER','5,00',1131);
INSERT INTO bier VALUES(430,'ORIGINAL RED','LAGER, AMBE','','7,20',1041);
INSERT INTO bier VALUES(431,'PERNSTEJN DARK','LAGER, AMBE','','5,00',1138);
INSERT INTO bier VALUES(432,'RED DRAK','LAGER, AMBE','','6,00',1242);
INSERT INTO bier VALUES(433,'STAROPRAMEN GRANAT','LAGER, AMBE','','4,80',1243);
INSERT INTO bier VALUES(434,'JULEBRYG','LAGER, AMBE','','5,60',1290);
INSERT INTO bier VALUES(435,'PASKE BRYG','LAGER, AMBE','','8,70',806);
INSERT INTO bier VALUES(436,'SOHO RED','LAGER, AMBE','','4,60',920);
INSERT INTO bier VALUES(437,'MORTIMER','LAGER, AMBE','','7,60',1083);
INSERT INTO bier VALUES(438,'REDSON','LAGER, AMBE','','5,00',1027);
INSERT INTO bier VALUES(439,'HENNIGER ROSSA','LAGER, AMBE','','5,00',973);
INSERT INTO bier VALUES(440,'PAULANER ROSSA','LAGER, AMBE','','5,00',1133);
INSERT INTO bier VALUES(441,'S. GEORGEN BOCK','LAGER, AMBE','','5,00',780);
INSERT INTO bier VALUES(442,'150 ANNIVERSARIO AMBRATA','LAGER, AMBE','','5,00',1081);
INSERT INTO bier VALUES(443,'AMBER SHOCK','LAGER, AMBE','','7,00',753);
INSERT INTO bier VALUES(444,'BIRRA DI NATALE','LAGER, AMBE','','8,00',733);
INSERT INTO bier VALUES(445,'GILDA','LAGER, AMBE','','4,50',733);
INSERT INTO bier VALUES(446,'LA FABBRICA BOCK','LAGER, AMBE','','4,50',1037);
INSERT INTO bier VALUES(447,'LA ROSSA FRIULANA','LAGER, AMBE','','5,00',1093);
INSERT INTO bier VALUES(448,'PRAFORTE ROSSA','LAGER, AMBE','','5,00',1261);
INSERT INTO bier VALUES(449,'PUTENA','LAGER, AMBE','','7,50',697);
INSERT INTO bier VALUES(450,'RED RIBBON','LAGER, AMBE','','5,00',1139);
INSERT INTO bier VALUES(451,'ROSSA','LAGER, AMBE','','6,70',793);
INSERT INTO bier VALUES(452,'ROXANNE','LAGER, AMBE','','5,80',752);
INSERT INTO bier VALUES(453,'RUBINIA','LAGER, AMBE','','7,00',714);
INSERT INTO bier VALUES(454,'RUFUS BOCK','LAGER, AMBE','','7,80',755);
INSERT INTO bier VALUES(455,'SANGRE DE TORO','LAGER, AMBE','','7,50',733);
INSERT INTO bier VALUES(456,'SPLUGEN RED','LAGER, AMBE','','5,00',1148);
INSERT INTO bier VALUES(457,'VECCHIO BIRRAIO AMBRATA','LAGER, AMBE','','5,00',1317);
INSERT INTO bier VALUES(458,'DOPPO AMBER','LAGER, AMBE','','5,00',868);
INSERT INTO bier VALUES(459,'ROBERTUS','LAGER, AMBE','','6,00',1234);
INSERT INTO bier VALUES(460,'UNION AMBER','LAGER, AMBE','','5,50',1299);
INSERT INTO bier VALUES(461,'AMBAR ESPECIAL','LAGER, AMBE','','7,00',1040);
INSERT INTO bier VALUES(462,'OLD WEST AMBER BEER','LAGER, AMBE','','5,10',1113);
INSERT INTO bier VALUES(463,'ASASHI BLACK BEER','LAGER, DARK','BLACK','5,00',708);
INSERT INTO bier VALUES(464,'SAPPORO BLACK BEER','LAGER, DARK','BLACK','5,00',1194);
INSERT INTO bier VALUES(465,'EGGENBERGER FESTBOCK','LAGER, DARK','DOPPELBOCK','9,90',883);
INSERT INTO bier VALUES(466,'ANIMATOR','LAGER, DARK','DOPPELBOCK','5,00',954);
INSERT INTO bier VALUES(467,'AYINGER WINTER BOCK','LAGER, DARK','DOPPELBOCK','6,70',713);
INSERT INTO bier VALUES(468,'BAJUVATOR','LAGER, DARK','DOPPELBOCK','5,00',1292);
INSERT INTO bier VALUES(469,'BECKER''S JUBILAUMSBOCK','LAGER, DARK','DOPPELBOCK','5,00',734);
INSERT INTO bier VALUES(470,'BERGBOCK DUNKEL','LAGER, DARK','DOPPELBOCK','6,80',1021);
INSERT INTO bier VALUES(471,'BOCULATOR','LAGER, DARK','DOPPELBOCK','5,00',1132);
INSERT INTO bier VALUES(472,'BURONATOR','LAGER, DARK','DOPPELBOCK','6,90',1177);
INSERT INTO bier VALUES(473,'CELEBRATOR','LAGER, DARK','DOPPELBOCK','7,30',713);
INSERT INTO bier VALUES(474,'CORONATOR','LAGER, DARK','DOPPELBOCK','7,50',704);
INSERT INTO bier VALUES(475,'DELICATOR','LAGER, DARK','DOPPELBOCK','5,00',984);
INSERT INTO bier VALUES(476,'FEUERIO TROPFEN','LAGER, DARK','DOPPELBOCK','9,00',953);
INSERT INTO bier VALUES(477,'OPTIMATOR','LAGER, DARK','DOPPELBOCK','6,80',1229);
INSERT INTO bier VALUES(478,'SALVATOR','LAGER, DARK','DOPPELBOCK','7,50',1133);
INSERT INTO bier VALUES(479,'SUFFIKATOR','LAGER, DARK','DOPPELBOCK','6,80',1302);
INSERT INTO bier VALUES(480,'TRIUMPHATOR','LAGER, DARK','DOPPELBOCK','5,00',1062);
INSERT INTO bier VALUES(481,'SCHAFLY DOPPELBOCK','LAGER, DARK','DOPPELBOCK','5,00',1199);
INSERT INTO bier VALUES(482,'WINTERBOCK','LAGER, DARK','DOPPELBOCK','5,00',937);
INSERT INTO bier VALUES(483,'GOSSER DARK','LAGER, DARK','DUNKEL','4,60',1246);
INSERT INTO bier VALUES(484,'GOSSER STIFTS BRAU','LAGER, DARK','DUNKEL','3,80',1246);
INSERT INTO bier VALUES(485,'STARKENBERGER DUNKEL','LAGER, DARK','DUNKEL','4,80',1203);
INSERT INTO bier VALUES(486,'ANTONIUS DUNKEL','LAGER, DARK','DUNKEL','5,40',1239);
INSERT INTO bier VALUES(487,'DUNKLE PERLE','LAGER, DARK','DUNKEL','5,50',907);
INSERT INTO bier VALUES(488,'EKU RUBIN','LAGER, DARK','DUNKEL','5,00',895);
INSERT INTO bier VALUES(489,'FRANKENBRAU','LAGER, DARK','DUNKEL','5,00',919);
INSERT INTO bier VALUES(490,'HOFMARK DUNKEL','LAGER, DARK','DUNKEL','5,00',986);
INSERT INTO bier VALUES(491,'KNEITINGER DUNKEL','LAGER, DARK','DUNKEL','5,00',1022);
INSERT INTO bier VALUES(492,'KONIG LUDWIG DUNKEL','LAGER, DARK','DUNKEL','5,10',1202);
INSERT INTO bier VALUES(493,'LOWENBRAU DUNKEL','LAGER, DARK','DUNKEL','5,00',1062);
INSERT INTO bier VALUES(494,'MEISTER DUNKEL','LAGER, DARK','DUNKEL','5,00',973);
INSERT INTO bier VALUES(495,'ST. MAFFEO','LAGER, DARK','DUNKEL','5,00',745);
INSERT INTO bier VALUES(496,'CRNI BARON','LAGER, DARK','DUNKEL','5,30',1299);
INSERT INTO bier VALUES(497,'CALANDA DUNKEL','LAGER, DARK','DUNKEL','4,80',797);
INSERT INTO bier VALUES(498,'EISBOCK','LAGER, DARK','EISBOCK','8,00',1105);
INSERT INTO bier VALUES(499,'EISBOCK REICHELBRAU','LAGER, DARK','EISBOCK','10,00',1161);
INSERT INTO bier VALUES(500,'EDELBIER FEUERFEST','LAGER, DARK','EXTRASTRONG','11,00',1198);
INSERT INTO bier VALUES(501,'SAMICHLAUS','LAGER, DARK','EXTRASTRONG','4,00',884);
INSERT INTO bier VALUES(502,'SAMICHLAUS DARK','LAGER, DARK','EXTRASTRONG','4,00',993);
INSERT INTO bier VALUES(503,'KENNEN SCURA','LAGER, DARK','','5,00',1153);
INSERT INTO bier VALUES(504,'KRONENBOURG SCURA','LAGER, DARK','','5,00',1027);
INSERT INTO bier VALUES(505,'BECK''S SCURA','LAGER, DARK','','5,00',735);
INSERT INTO bier VALUES(506,'BINDING DARK LAGER','LAGER, DARK','','4,80',747);
INSERT INTO bier VALUES(507,'RITTER BRAU','LAGER, DARK','','5,00',1167);
INSERT INTO bier VALUES(508,'SAARFURST SCURA','LAGER, DARK','','5,00',1188);
INSERT INTO bier VALUES(509,'WARSTEINER SCURA','LAGER, DARK','','5,00',1325);
INSERT INTO bier VALUES(510,'ALL BLACK','LAGER, DARK','','6,40',752);
INSERT INTO bier VALUES(511,'BARBU''','LAGER, DARK','','6,00',812);
INSERT INTO bier VALUES(512,'BUSALLA NERA','LAGER, DARK','','5,00',793);
INSERT INTO bier VALUES(513,'FUSCA','LAGER, DARK','','6,60',714);
INSERT INTO bier VALUES(514,'GRAFITE','LAGER, DARK','','4,50',733);
INSERT INTO bier VALUES(515,'MORETTI SCURA','LAGER, DARK','','5,00',1093);
INSERT INTO bier VALUES(516,'MOTOR OIL','LAGER, DARK','','8,00',733);
INSERT INTO bier VALUES(517,'NIGRA','LAGER, DARK','','6,20',753);
INSERT INTO bier VALUES(518,'PERONI BLACK','LAGER, DARK','','5,00',1139);
INSERT INTO bier VALUES(519,'PRIMA','LAGER, DARK','','5,00',753);
INSERT INTO bier VALUES(520,'SIXTUS','LAGER, DARK','','5,00',916);
INSERT INTO bier VALUES(521,'SPLUGEN DARK','LAGER, DARK','','5,00',1148);
INSERT INTO bier VALUES(522,'VON WUNSTER','LAGER, DARK','','5,00',1341);
INSERT INTO bier VALUES(523,'WUNSTER SUPER 18','LAGER, DARK','','5,00',1341);
INSERT INTO bier VALUES(524,'DOUBLE SWIJNKELS','LAGER, DARK','','5,00',1256);
INSERT INTO bier VALUES(525,'HEINEKEN BOCK','LAGER, DARK','','5,00',971);
INSERT INTO bier VALUES(526,'ORANJEBOOM DARK','LAGER, DARK','','5,00',1118);
INSERT INTO bier VALUES(527,'TEMNO LASKO','LAGER, DARK','','5,00',1046);
INSERT INTO bier VALUES(528,'AMBAR NEGRA','LAGER, DARK','','4,80',1040);
INSERT INTO bier VALUES(529,'GAMMEL BRYGD 1992','LAGER, DARK','','4,50',903);
INSERT INTO bier VALUES(530,'JULE OL','LAGER, DARK','','5,30',1230);
INSERT INTO bier VALUES(531,'BERGHOFF DARK','LAGER, DARK','','5,00',742);
INSERT INTO bier VALUES(532,'BUSH BEER','ALE, ENGLIS','BARLEY WINE','12,00',877);
INSERT INTO bier VALUES(533,'BUSH NOEL','ALE, ENGLIS','BARLEY WINE','12,00',877);
INSERT INTO bier VALUES(534,'LA COCHONNETTE','ALE, ENGLIS','BARLEY WINE','9,50',1316);
INSERT INTO bier VALUES(535,'BISHOP''S ALE','ALE, ENGLIS','BARLEY WINE','5,00',1162);
INSERT INTO bier VALUES(536,'CRIPPLE DICK','ALE, ENGLIS','BARLEY WINE','11,70',1233);
INSERT INTO bier VALUES(537,'DOMESDAY (STRONGEST)','ALE, ENGLIS','BARLEY WINE','5,90',861);
INSERT INTO bier VALUES(538,'DOMESDAY ANNIVERSARY','ALE, ENGLIS','BARLEY WINE','9,50',860);
INSERT INTO bier VALUES(539,'GOLD LABEL','ALE, ENGLIS','BARLEY WINE','10,40',1332);
INSERT INTO bier VALUES(540,'GOLDEN PRIDE','ALE, ENGLIS','BARLEY WINE','5,00',924);
INSERT INTO bier VALUES(541,'GOLDIE BARLEY WINE','ALE, ENGLIS','BARLEY WINE','5,00',891);
INSERT INTO bier VALUES(542,'IMPERIAL OLD ALE 89','ALE, ENGLIS','BARLEY WINE','5,00',1338);
INSERT INTO bier VALUES(543,'MILENNIUM 2000 ALE','ALE, ENGLIS','BARLEY WINE','10,50',1143);
INSERT INTO bier VALUES(544,'OLD NICK''S','ALE, ENGLIS','BARLEY WINE','7,30',1349);
INSERT INTO bier VALUES(545,'OLD PECKER','ALE, ENGLIS','BARLEY WINE','9,70',718);
INSERT INTO bier VALUES(546,'RIDLEY''S 27','ALE, ENGLIS','BARLEY WINE','5,00',1162);
INSERT INTO bier VALUES(547,'RUDDLE''S BARLEY WINE','ALE, ENGLIS','BARLEY WINE','5,00',1181);
INSERT INTO bier VALUES(548,'STRONG GOLDEN','ALE, ENGLIS','BARLEY WINE','10,20',1191);
INSERT INTO bier VALUES(549,'THE BISHOP''S TIPPLE','ALE, ENGLIS','BARLEY WINE','5,00',934);
INSERT INTO bier VALUES(550,'TRIPLE DIAMOND','ALE, ENGLIS','BARLEY WINE','102,00',998);
INSERT INTO bier VALUES(551,'VINTAGE ALE 1997','ALE, ENGLIS','BARLEY WINE','8,50',924);
INSERT INTO bier VALUES(552,'BELZEBUTH','ALE, ENGLIS','BARLEY WINE','5,00',1003);
INSERT INTO bier VALUES(553,'MAELSTORM','ALE, ENGLIS','BARLEY WINE','6,00',1241);
INSERT INTO bier VALUES(554,'VIN D''ORZ','ALE, ENGLIS','BARLEY WINE','7,80',1228);
INSERT INTO bier VALUES(555,'XIAOYU','ALE, ENGLIS','BARLEY WINE','13,00',717);
INSERT INTO bier VALUES(556,'SKULLSPLITTER','ALE, ENGLIS','BARLEY WINE','8,50',1119);
INSERT INTO bier VALUES(557,'BANDERSNATCH 25TH','ALE, ENGLIS','BARLEY WINE','9,20',722);
INSERT INTO bier VALUES(558,'BARELY LEGAL BARLEYWINE','ALE, ENGLIS','BARLEY WINE','5,00',1266);
INSERT INTO bier VALUES(559,'BIGFOOT','ALE, ENGLIS','BARLEY WINE','10,30',1215);
INSERT INTO bier VALUES(560,'BLITHERING IDIOT','ALE, ENGLIS','BARLEY WINE','11,10',1331);
INSERT INTO bier VALUES(561,'BROWN SHUGGA','ALE, ENGLIS','BARLEY WINE','10,90',1042);
INSERT INTO bier VALUES(562,'HEAVYWEIGHT','ALE, ENGLIS','BARLEY WINE','5,00',721);
INSERT INTO bier VALUES(563,'HORN DOG','ALE, ENGLIS','BARLEY WINE','10,50',913);
INSERT INTO bier VALUES(564,'MONSTER 2000','ALE, ENGLIS','BARLEY WINE','11,80',786);
INSERT INTO bier VALUES(565,'NAVIGATOR','ALE, ENGLIS','BARLEY WINE','10,60',719);
INSERT INTO bier VALUES(566,'OLD CRUSTACEAN','ALE, ENGLIS','BARLEY WINE','11,30',1173);
INSERT INTO bier VALUES(567,'OLD FOGHORN','ALE, ENGLIS','BARLEY WINE','9,00',699);
INSERT INTO bier VALUES(568,'OLD GUARDIAN','ALE, ENGLIS','BARLEY WINE','9,90',1251);
INSERT INTO bier VALUES(569,'OLD HORIZONTAL','ALE, ENGLIS','BARLEY WINE','11,00',1323);
INSERT INTO bier VALUES(570,'OLD SAGUARO','ALE, ENGLIS','BARLEY WINE','5,00',1227);
INSERT INTO bier VALUES(571,'OLD STOCK ALE','ALE, ENGLIS','BARLEY WINE','11,40',1106);
INSERT INTO bier VALUES(572,'SCHAFLY BARLEYWINE','ALE, ENGLIS','BARLEY WINE','5,00',1199);
INSERT INTO bier VALUES(573,'WELLINGTON PALE ALE','ALE, ENGLIS','BITTER/PALE','5,00',1298);
INSERT INTO bier VALUES(574,'1828 ANNIVERSARY ALE','ALE, ENGLIS','BITTER/PALE','4,80',1048);
INSERT INTO bier VALUES(575,'6X','ALE, ENGLIS','BITTER/PALE','5,00',1324);
INSERT INTO bier VALUES(576,'ABBOT ALE','ALE, ENGLIS','BITTER/PALE','5,00',943);
INSERT INTO bier VALUES(577,'ADNAMS BITTER','ALE, ENGLIS','BITTER/PALE','3,70',688);
INSERT INTO bier VALUES(578,'AK','ALE, ENGLIS','BITTER/PALE','3,70',1080);
INSERT INTO bier VALUES(579,'BASS PALE ALE','ALE, ENGLIS','BITTER/PALE','5,00',725);
INSERT INTO bier VALUES(580,'BATEMANS XB','ALE, ENGLIS','BITTER/PALE','3,70',727);
INSERT INTO bier VALUES(581,'BATEMANS XXXB','ALE, ENGLIS','BITTER/PALE','4,80',727);
INSERT INTO bier VALUES(582,'BETTY STODGE','ALE, ENGLIS','BITTER/PALE','4,00',1221);
INSERT INTO bier VALUES(583,'BLACK SHEEP SPECIAL','ALE, ENGLIS','BITTER/PALE','4,40',758);
INSERT INTO bier VALUES(584,'BLUEBIRD BITTER','ALE, ENGLIS','BITTER/PALE','4,20',826);
INSERT INTO bier VALUES(585,'BODDINGTON''S PUB ALE','ALE, ENGLIS','BITTER/PALE','4,80',1254);
INSERT INTO bier VALUES(586,'BRAKSPEAR BITTER','ALE, ENGLIS','BITTER/PALE','3,50',770);
INSERT INTO bier VALUES(587,'BROADSHIELD BITTER','ALE, ENGLIS','BITTER/PALE','4,00',1335);
INSERT INTO bier VALUES(588,'BROADSIDE','ALE, ENGLIS','BITTER/PALE','4,70',688);
INSERT INTO bier VALUES(589,'BURTON ALE','ALE, ENGLIS','BITTER/PALE','4,50',998);
INSERT INTO bier VALUES(590,'BUTCOMBE BLOND BITTER','ALE, ENGLIS','BITTER/PALE','4,00',794);
INSERT INTO bier VALUES(591,'BUTCOMBE GOLD','ALE, ENGLIS','BITTER/PALE','4,70',794);
INSERT INTO bier VALUES(592,'CELEBRATION 2000 BEST','ALE, ENGLIS','BITTER/PALE','4,30',1080);
INSERT INTO bier VALUES(593,'CHARRINGTON IPA','ALE, ENGLIS','BITTER/PALE','5,00',725);
INSERT INTO bier VALUES(594,'CORNISH KNOCKER','ALE, ENGLIS','BITTER/PALE','4,50',1221);
INSERT INTO bier VALUES(595,'COTLEIGH 25','ALE, ENGLIS','BITTER/PALE','4,20',831);
INSERT INTO bier VALUES(596,'COURAGE (BEST) BITTER','ALE, ENGLIS','BITTER/PALE','5,00',832);
INSERT INTO bier VALUES(597,'COURAGE BEST BITTER','ALE, ENGLIS','BITTER/PALE','5,00',832);
INSERT INTO bier VALUES(598,'COURAGE N.1','ALE, ENGLIS','BITTER/PALE','5,00',832);
INSERT INTO bier VALUES(599,'DEACON','ALE, ENGLIS','BITTER/PALE','4,60',934);
INSERT INTO bier VALUES(600,'DEUCHAR''S IPA','ALE, ENGLIS','BITTER/PALE','3,80',798);
INSERT INTO bier VALUES(601,'DIRECTORS BITTER','ALE, ENGLIS','BITTER/PALE','5,00',832);
INSERT INTO bier VALUES(602,'DOOM BAR','ALE, ENGLIS','BITTER/PALE','4,00',1211);
INSERT INTO bier VALUES(603,'DORKING''S SUMMER ALE','ALE, ENGLIS','BITTER/PALE','4,80',1330);
INSERT INTO bier VALUES(604,'DORSET BEST','ALE, ENGLIS','BITTER/PALE','4,00',715);
INSERT INTO bier VALUES(605,'DOUBLE DIAMOND','ALE, ENGLIS','BITTER/PALE','5,00',998);
INSERT INTO bier VALUES(606,'DOUBLE HOP','ALE, ENGLIS','BITTER/PALE','5,00',1169);
INSERT INTO bier VALUES(607,'DRAUGHT BASS','ALE, ENGLIS','BITTER/PALE','5,00',725);
INSERT INTO bier VALUES(608,'EDEN ALE','ALE, ENGLIS','BITTER/PALE','4,40',1211);
INSERT INTO bier VALUES(609,'EXMOOR ALE','ALE, ENGLIS','BITTER/PALE','3,80',900);
INSERT INTO bier VALUES(610,'EXMOOR FOX','ALE, ENGLIS','BITTER/PALE','4,20',900);
INSERT INTO bier VALUES(611,'EXMOOR GOLD','ALE, ENGLIS','BITTER/PALE','4,50',900);
INSERT INTO bier VALUES(612,'FANFARE','ALE, ENGLIS','BITTER/PALE','4,30',908);
INSERT INTO bier VALUES(613,'FESTIVE ALE','ALE, ENGLIS','BITTER/PALE','5,30',1018);
INSERT INTO bier VALUES(614,'FIREFLY','ALE, ENGLIS','BITTER/PALE','3,70',1107);
INSERT INTO bier VALUES(615,'FLOWERS IPA','ALE, ENGLIS','BITTER/PALE','3,60',901);
INSERT INTO bier VALUES(616,'FLOWERS ORIGINAL','ALE, ENGLIS','BITTER/PALE','4,30',1332);
INSERT INTO bier VALUES(617,'FORTYNINER','ALE, ENGLIS','BITTER/PALE','4,80',1166);
INSERT INTO bier VALUES(618,'FREEDOM PALE','ALE, ENGLIS','BITTER/PALE','4,50',920);
INSERT INTO bier VALUES(619,'FREEDOM SUMMER ALE','ALE, ENGLIS','BITTER/PALE','3,00',920);
INSERT INTO bier VALUES(620,'FROG','ALE, ENGLIS','BITTER/PALE','4,30',908);
INSERT INTO bier VALUES(621,'GOLD EAGLE BITTER','ALE, ENGLIS','BITTER/PALE','5,00',819);
INSERT INTO bier VALUES(622,'GOLIATH','ALE, ENGLIS','BITTER/PALE','4,50',1343);
INSERT INTO bier VALUES(623,'GREENE KING IPA','ALE, ENGLIS','BITTER/PALE','5,00',943);
INSERT INTO bier VALUES(624,'GREENE KING IPA','ALE, ENGLIS','BITTER/PALE','3,80',943);
INSERT INTO bier VALUES(625,'HEWERS IPA','ALE, ENGLIS','BITTER/PALE','3,60',1158);
INSERT INTO bier VALUES(626,'HOOK NORTON BITTER','ALE, ENGLIS','BITTER/PALE','3,40',989);
INSERT INTO bier VALUES(627,'HOP & GLORY','ALE, ENGLIS','BITTER/PALE','5,00',709);
INSERT INTO bier VALUES(628,'HSB','ALE, ENGLIS','BITTER/PALE','4,80',927);
INSERT INTO bier VALUES(629,'IND COOPE PALE ALE','ALE, ENGLIS','BITTER/PALE','5,00',998);
INSERT INTO bier VALUES(630,'JEFFREY HUDSON BITTER','ALE, ENGLIS','BITTER/PALE','3,80',1108);
INSERT INTO bier VALUES(631,'JOHN BULL BITTER','ALE, ENGLIS','BITTER/PALE','5,00',998);
INSERT INTO bier VALUES(632,'JOHN SMITH SMOOTH','ALE, ENGLIS','BITTER/PALE','5,00',1006);
INSERT INTO bier VALUES(633,'LANDLORD','ALE, ENGLIS','BITTER/PALE','4,30',1269);
INSERT INTO bier VALUES(634,'LONDON PRIDE','ALE, ENGLIS','BITTER/PALE','4,10',924);
INSERT INTO bier VALUES(635,'MARSTON''S PEDIGREE','ALE, ENGLIS','BITTER/PALE','4,50',1074);
INSERT INTO bier VALUES(636,'MARSTON''S SINGLE MALT','ALE, ENGLIS','BITTER/PALE','4,70',1074);
INSERT INTO bier VALUES(637,'MOONDANCE','ALE, ENGLIS','BITTER/PALE','4,20',1286);
INSERT INTO bier VALUES(638,'MORLAND TANNER''S JACK','ALE, ENGLIS','BITTER/PALE','4,40',943);
INSERT INTO bier VALUES(639,'MUSEUM ALE','ALE, ENGLIS','BITTER/PALE','5,00',1191);
INSERT INTO bier VALUES(640,'NELSON''S REVENGE','ALE, ENGLIS','BITTER/PALE','4,50',1339);
INSERT INTO bier VALUES(641,'NEW QUAY STEAM BITTER','ALE, ENGLIS','BITTER/PALE','4,70',829);
INSERT INTO bier VALUES(642,'OAKHAM SKITTERS','ALE, ENGLIS','BITTER/PALE','5,00',1108);
INSERT INTO bier VALUES(643,'OLD BAILEY','ALE, ENGLIS','BITTER/PALE','4,80',1072);
INSERT INTO bier VALUES(644,'OLD BREWERY BITTER','ALE, ENGLIS','BITTER/PALE','5,00',1191);
INSERT INTO bier VALUES(645,'OLD BREWERY PALE','ALE, ENGLIS','BITTER/PALE','5,00',1191);
INSERT INTO bier VALUES(646,'OLD HOOKY','ALE, ENGLIS','BITTER/PALE','4,60',989);
INSERT INTO bier VALUES(647,'OLD SPECKLED HEN','ALE, ENGLIS','BITTER/PALE','5,20',1094);
INSERT INTO bier VALUES(648,'ORGANIC BEST BITTER','ALE, ENGLIS','BITTER/PALE','5,00',1238);
INSERT INTO bier VALUES(649,'OTTER BITTER','ALE, ENGLIS','BITTER/PALE','3,60',1122);
INSERT INTO bier VALUES(650,'PRIDE OF ROMSEY','ALE, ENGLIS','BITTER/PALE','5,00',956);
INSERT INTO bier VALUES(651,'RADGIE GADGIE','ALE, ENGLIS','BITTER/PALE','4,80',1092);
INSERT INTO bier VALUES(652,'RAM ROD','ALE, ENGLIS','BITTER/PALE','4,80',1349);
INSERT INTO bier VALUES(653,'ROOSTER HOOLIGANS','ALE, ENGLIS','BITTER/PALE','4,30',1176);
INSERT INTO bier VALUES(654,'ROYAL OAK','ALE, ENGLIS','BITTER/PALE','4,80',891);
INSERT INTO bier VALUES(655,'RUDDLE''S BEST','ALE, ENGLIS','BITTER/PALE','5,00',1181);
INSERT INTO bier VALUES(656,'RUTLAND BITTER','ALE, ENGLIS','BITTER/PALE','5,00',1181);
INSERT INTO bier VALUES(657,'SARAH HUGHES PALE AMBER','ALE, ENGLIS','BITTER/PALE','4,00',1195);
INSERT INTO bier VALUES(658,'SHARP''S WILLI','ALE, ENGLIS','BITTER/PALE','4,60',1211);
INSERT INTO bier VALUES(659,'SHEP''S BITTER','ALE, ENGLIS','BITTER/PALE','5,00',1212);
INSERT INTO bier VALUES(660,'SHEP''S MASTER BITTER','ALE, ENGLIS','BITTER/PALE','5,00',1212);
INSERT INTO bier VALUES(661,'SMILE''S','ALE, ENGLIS','BITTER/PALE','5,20',1224);
INSERT INTO bier VALUES(662,'SMILE''S BRISTOL IPA','ALE, ENGLIS','BITTER/PALE','4,50',1224);
INSERT INTO bier VALUES(663,'SOVEREIGN BEST BITTER','ALE, ENGLIS','BITTER/PALE','4,10',1191);
INSERT INTO bier VALUES(664,'SPITFIRE','ALE, ENGLIS','BITTER/PALE','4,50',1212);
INSERT INTO bier VALUES(665,'ST.AUSTELL TRADITION','ALE, ENGLIS','BITTER/PALE','4,10',1233);
INSERT INTO bier VALUES(666,'STINGO MIDDLE','ALE, ENGLIS','BITTER/PALE','5,00',759);
INSERT INTO bier VALUES(667,'STONES BITTER','ALE, ENGLIS','BITTER/PALE','5,00',1252);
INSERT INTO bier VALUES(668,'STRAWBERRY & CREAM','ALE, ENGLIS','BITTER/PALE','4,60',1257);
INSERT INTO bier VALUES(669,'SUMMER LIGHTNING','ALE, ENGLIS','BITTER/PALE','5,00',990);
INSERT INTO bier VALUES(670,'SUSSEX BEST BITTER','ALE, ENGLIS','BITTER/PALE','4,00',964);
INSERT INTO bier VALUES(671,'SW2','ALE, ENGLIS','BITTER/PALE','4,80',1117);
INSERT INTO bier VALUES(672,'TADPOLE','ALE, ENGLIS','BITTER/PALE','3,50',908);
INSERT INTO bier VALUES(673,'TANGLEFOOT','ALE, ENGLIS','BITTER/PALE','5,00',715);
INSERT INTO bier VALUES(674,'TANKARD BITTER ALE','ALE, ENGLIS','BITTER/PALE','5,00',1332);
INSERT INTO bier VALUES(675,'TETLEY''S BITTER','ALE, ENGLIS','BITTER/PALE','5,00',1260);
INSERT INTO bier VALUES(676,'THEAKSTON BEST BITTER','ALE, ENGLIS','BITTER/PALE','3,80',1264);
INSERT INTO bier VALUES(677,'TINNERS','ALE, ENGLIS','BITTER/PALE','3,70',1233);
INSERT INTO bier VALUES(678,'TRUMAN''S  BITTER','ALE, ENGLIS','BITTER/PALE','5,00',1288);
INSERT INTO bier VALUES(679,'WHITBREAD BREWMASTER','ALE, ENGLIS','BITTER/PALE','5,00',1332);
INSERT INTO bier VALUES(680,'WORTHINGTON BITTER','ALE, ENGLIS','BITTER/PALE','5,00',725);
INSERT INTO bier VALUES(681,'WORTHINGTON DRAUGHT','ALE, ENGLIS','BITTER/PALE','5,00',725);
INSERT INTO bier VALUES(682,'WORTHINGTON EXPORT ALE','ALE, ENGLIS','BITTER/PALE','5,00',725);
INSERT INTO bier VALUES(683,'XB','ALE, ENGLIS','BITTER/PALE','5,00',1264);
INSERT INTO bier VALUES(684,'YANKEES','ALE, ENGLIS','BITTER/PALE','4,30',1176);
INSERT INTO bier VALUES(685,'YORKSHIRE BITTER','ALE, ENGLIS','BITTER/PALE','5,00',1327);
INSERT INTO bier VALUES(686,'YOUNG''S AAA','ALE, ENGLIS','BITTER/PALE','4,00',1349);
INSERT INTO bier VALUES(687,'YOUNG''S BITTER','ALE, ENGLIS','BITTER/PALE','3,70',1349);
INSERT INTO bier VALUES(688,'YOUNG''S SPECIAL','ALE, ENGLIS','BITTER/PALE','4,80',1349);
INSERT INTO bier VALUES(689,'CAPIT ALE','ALE, ENGLIS','BITTER/PALE','5,00',909);
INSERT INTO bier VALUES(690,'FINANCIER ALE','ALE, ENGLIS','BITTER/PALE','4,30',909);
INSERT INTO bier VALUES(691,'INSAINE','ALE, ENGLIS','BITTER/PALE','4,20',1262);
INSERT INTO bier VALUES(692,'IMPOSSIBLE','ALE, ENGLIS','BITTER/PALE','2,60',821);
INSERT INTO bier VALUES(693,'NINA','ALE, ENGLIS','BITTER/PALE','5,00',717);
INSERT INTO bier VALUES(694,'RICCIOLA','ALE, ENGLIS','BITTER/PALE','5,00',812);
INSERT INTO bier VALUES(695,'VALDERA','ALE, ENGLIS','BITTER/PALE','5,20',750);
INSERT INTO bier VALUES(696,'HILDEN ALE','ALE, ENGLIS','BITTER/PALE','5,00',982);
INSERT INTO bier VALUES(697,'GREENMANTLE','ALE, ENGLIS','BITTER/PALE','3,90',787);
INSERT INTO bier VALUES(698,'THE GHILLIE','ALE, ENGLIS','BITTER/PALE','4,50',787);
INSERT INTO bier VALUES(699,'WHITE WIFE','ALE, ENGLIS','BITTER/PALE','3,70',1309);
INSERT INTO bier VALUES(700,'CASK ALE','ALE, ENGLIS','BITTER/PALE','5,00',719);
INSERT INTO bier VALUES(701,'CHASING TAIL','ALE, ENGLIS','BITTER/PALE','4,00',1231);
INSERT INTO bier VALUES(702,'COPPER ALE','ALE, ENGLIS','BITTER/PALE','5,00',719);
INSERT INTO bier VALUES(703,'GEARY''S PALE ALE','ALE, ENGLIS','BITTER/PALE','5,00',932);
INSERT INTO bier VALUES(704,'HONKER''S ALE','ALE, ENGLIS','BITTER/PALE','4,70',936);
INSERT INTO bier VALUES(705,'MC GUIRE''S DDA','ALE, ENGLIS','BITTER/PALE','4,60',1079);
INSERT INTO bier VALUES(706,'MIRROR POND PALE ALE','ALE, ENGLIS','BITTER/PALE','5,00',859);
INSERT INTO bier VALUES(707,'NEPTUNE 66','ALE, ENGLIS','BITTER/PALE','5,10',1101);
INSERT INTO bier VALUES(708,'PELICAN PALE ALE','ALE, ENGLIS','BITTER/PALE','5,00',692);
INSERT INTO bier VALUES(709,'PENNANT ALE','ALE, ENGLIS','BITTER/PALE','5,00',786);
INSERT INTO bier VALUES(710,'PROVIDER PALE ALE','ALE, ENGLIS','BITTER/PALE','5,00',1137);
INSERT INTO bier VALUES(711,'SAMUEL ADAMS BOSTON ALE','ALE, ENGLIS','BITTER/PALE','5,00',765);
INSERT INTO bier VALUES(712,'SHELTER PALE ALE','ALE, ENGLIS','BITTER/PALE','5,00',865);
INSERT INTO bier VALUES(713,'UPTOWN PALE ALE','ALE, ENGLIS','BITTER/PALE','5,00',1303);
INSERT INTO bier VALUES(714,'BRAIN''S EXTRA SMOOTH','ALE, ENGLIS','BITTER/PALE','3,70',769);
INSERT INTO bier VALUES(715,'BRAIN''S SA','ALE, ENGLIS','BITTER/PALE','4,20',769);
INSERT INTO bier VALUES(716,'CASTA DORADA','ALE, ENGLIS','BLONDE','5,40',896);
INSERT INTO bier VALUES(717,'SURFERS SUMMER ALE','ALE, ENGLIS','BLONDE','4,80',1135);
INSERT INTO bier VALUES(718,'WATEFRONT BLOND','ALE, ENGLIS','BLONDE','5,00',1245);
INSERT INTO bier VALUES(719,'GRITSTONE PREMIUM ALE','ALE, ENGLIS','BROWN','5,50',1105);
INSERT INTO bier VALUES(720,'MANN''S BROWN','ALE, ENGLIS','BROWN','5,00',891);
INSERT INTO bier VALUES(721,'NEWCASTLE BROWN ALE','ALE, ENGLIS','BROWN','4,70',1207);
INSERT INTO bier VALUES(722,'SMITH''S NUT BROWN','ALE, ENGLIS','BROWN','5,00',1191);
INSERT INTO bier VALUES(723,'WARRINGTON BROWN','ALE, ENGLIS','BROWN','5,00',942);
INSERT INTO bier VALUES(724,'CASTA MORENA','ALE, ENGLIS','BROWN','6,00',896);
INSERT INTO bier VALUES(725,'BIG CYPRESS BROWN','ALE, ENGLIS','BROWN','4,50',1068);
INSERT INTO bier VALUES(726,'BIRDMAN BROWN','ALE, ENGLIS','BROWN','5,00',692);
INSERT INTO bier VALUES(727,'BROOKLYN BROWN','ALE, ENGLIS','BROWN','5,20',786);
INSERT INTO bier VALUES(728,'BROWN BEAR','ALE, ENGLIS','BROWN','5,00',1266);
INSERT INTO bier VALUES(729,'BROWN BEAR','ALE, ENGLIS','BROWN','5,00',1171);
INSERT INTO bier VALUES(730,'EVANS BROWN','ALE, ENGLIS','BROWN','5,00',898);
INSERT INTO bier VALUES(731,'HAZELNUT BROWN','ALE, ENGLIS','BROWN','5,20',1173);
INSERT INTO bier VALUES(732,'NUTBROWN','ALE, ENGLIS','BROWN','5,20',936);
INSERT INTO bier VALUES(733,'PETE''S WICKED ALE','ALE, ENGLIS','BROWN','5,10',1140);
INSERT INTO bier VALUES(734,'1837 IPA','ALE, ENGLIS','INDIA/AMERICAN PALE','7,00',1143);
INSERT INTO bier VALUES(735,'EMPIRE PALE ALE','ALE, ENGLIS','INDIA/AMERICAN PALE','7,50',792);
INSERT INTO bier VALUES(736,'INDIA PALE ALE','ALE, ENGLIS','INDIA/AMERICAN PALE','5,00',1305);
INSERT INTO bier VALUES(737,'MARSTON''S INDIA EXPORT','ALE, ENGLIS','INDIA/AMERICAN PALE','5,50',1074);
INSERT INTO bier VALUES(738,'TRAFALGAR IPA','ALE, ENGLIS','INDIA/AMERICAN PALE','6,00',921);
INSERT INTO bier VALUES(739,'PIONEER PALE ALE','ALE, ENGLIS','INDIA/AMERICAN PALE','6,50',1240);
INSERT INTO bier VALUES(740,'RE ALE','ALE, ENGLIS','INDIA/AMERICAN PALE','6,00',751);
INSERT INTO bier VALUES(741,'SCARAMPOLA IPA','ALE, ENGLIS','INDIA/AMERICAN PALE','6,20',1197);
INSERT INTO bier VALUES(742,'90 MINUTES IPA','ALE, ENGLIS','INDIA/AMERICAN PALE','9,00',865);
INSERT INTO bier VALUES(743,'ALPHA KING','ALE, ENGLIS','INDIA/AMERICAN PALE','5,80',679);
INSERT INTO bier VALUES(744,'ARROGANT BASTARD ALE','ALE, ENGLIS','INDIA/AMERICAN PALE','7,20',1251);
INSERT INTO bier VALUES(745,'BLUE POINT PALE','ALE, ENGLIS','INDIA/AMERICAN PALE','5,00',967);
INSERT INTO bier VALUES(746,'BOMBAY BOMBER','ALE, ENGLIS','INDIA/AMERICAN PALE','5,00',1245);
INSERT INTO bier VALUES(747,'BROOKLIN E.I.P.A.','ALE, ENGLIS','INDIA/AMERICAN PALE','7,00',786);
INSERT INTO bier VALUES(748,'GOLDEN','ALE, ENGLIS','INDIA/AMERICAN PALE','5,00',830);
INSERT INTO bier VALUES(749,'GRANT''S INDIA PALE ALE','ALE, ENGLIS','INDIA/AMERICAN PALE','4,20',1348);
INSERT INTO bier VALUES(750,'HOP JUICE','ALE, ENGLIS','INDIA/AMERICAN PALE','8,00',1052);
INSERT INTO bier VALUES(751,'HOP OTTIN IPA','ALE, ENGLIS','INDIA/AMERICAN PALE','7,00',700);
INSERT INTO bier VALUES(752,'HOPDEVIL IPA','ALE, ENGLIS','INDIA/AMERICAN PALE','6,70',1323);
INSERT INTO bier VALUES(753,'INDIA''N PALE ALE','ALE, ENGLIS','INDIA/AMERICAN PALE','5,00',1131);
INSERT INTO bier VALUES(754,'IPA','ALE, ENGLIS','INDIA/AMERICAN PALE','5,90',936);
INSERT INTO bier VALUES(755,'KARL STRAUSS PALE ALE','ALE, ENGLIS','INDIA/AMERICAN PALE','5,00',1112);
INSERT INTO bier VALUES(756,'LIBERTY ALE','ALE, ENGLIS','INDIA/AMERICAN PALE','6,20',699);
INSERT INTO bier VALUES(757,'PENNANT''S IPA','ALE, ENGLIS','INDIA/AMERICAN PALE','5,00',967);
INSERT INTO bier VALUES(758,'REDHOOK PALE ALE','ALE, ENGLIS','INDIA/AMERICAN PALE','5,00',1159);
INSERT INTO bier VALUES(759,'ROADHOUSE I.P.A.','ALE, ENGLIS','INDIA/AMERICAN PALE','6,80',705);
INSERT INTO bier VALUES(760,'RUINATION IPA','ALE, ENGLIS','INDIA/AMERICAN PALE','7,70',1251);
INSERT INTO bier VALUES(761,'SCHAFLY PALE ALE','ALE, ENGLIS','INDIA/AMERICAN PALE','5,00',1199);
INSERT INTO bier VALUES(762,'SHARKBITE','ALE, ENGLIS','INDIA/AMERICAN PALE','5,00',1226);
INSERT INTO bier VALUES(763,'SIERRA NEVADA PALE ALE','ALE, ENGLIS','INDIA/AMERICAN PALE','5,60',1215);
INSERT INTO bier VALUES(764,'SPUD BOY''S IPA','ALE, ENGLIS','INDIA/AMERICAN PALE','6,40',1068);
INSERT INTO bier VALUES(765,'STONE IPA','ALE, ENGLIS','INDIA/AMERICAN PALE','6,90',1251);
INSERT INTO bier VALUES(766,'SUN DEVIL''S I.P.A.','ALE, ENGLIS','INDIA/AMERICAN PALE','6,70',722);
INSERT INTO bier VALUES(767,'TORREY PINES IPA','ALE, ENGLIS','INDIA/AMERICAN PALE','6,90',1052);
INSERT INTO bier VALUES(768,'XXX PALE ALE','ALE, ENGLIS','INDIA/AMERICAN PALE','5,00',1345);
INSERT INTO bier VALUES(769,'O''HANLONS RED ALE','ALE, ENGLIS','IRISH RED','4,30',1107);
INSERT INTO bier VALUES(770,'GEORGE KILLIAN''S','ALE, ENGLIS','IRISH RED','6,60',1134);
INSERT INTO bier VALUES(771,'CAFFREY''S','ALE, ENGLIS','IRISH RED','5,00',796);
INSERT INTO bier VALUES(772,'KILKENNY IRISH BEER','ALE, ENGLIS','IRISH RED','5,50',1225);
INSERT INTO bier VALUES(773,'KILKENNY STRONG','ALE, ENGLIS','IRISH RED','5,00',1225);
INSERT INTO bier VALUES(774,'MCFARLAND','ALE, ENGLIS','IRISH RED','5,00',1097);
INSERT INTO bier VALUES(775,'MOLINGS','ALE, ENGLIS','IRISH RED','4,30',805);
INSERT INTO bier VALUES(776,'PORTERHOUSE RED','ALE, ENGLIS','IRISH RED','4,40',1149);
INSERT INTO bier VALUES(777,'SMITHWICK''S','ALE, ENGLIS','IRISH RED','5,00',1225);
INSERT INTO bier VALUES(778,'BIG HOUSE RED','ALE, ENGLIS','IRISH RED','5,00',692);
INSERT INTO bier VALUES(779,'IRISH AMBER','ALE, ENGLIS','IRISH RED','5,00',722);
INSERT INTO bier VALUES(780,'MERMAID''S RED','ALE, ENGLIS','IRISH RED','5,00',830);
INSERT INTO bier VALUES(781,'NEW YORK RED','ALE, ENGLIS','IRISH RED','5,00',1303);
INSERT INTO bier VALUES(782,'RED TROLLEY','ALE, ENGLIS','IRISH RED','5,00',1112);
INSERT INTO bier VALUES(783,'ROCK RED','ALE, ENGLIS','IRISH RED','5,00',1180);
INSERT INTO bier VALUES(784,'BATEMANS MILD','ALE, ENGLIS','MILD','3,00',727);
INSERT INTO bier VALUES(785,'HIGHGATE MILD','ALE, ENGLIS','MILD','3,40',980);
INSERT INTO bier VALUES(786,'PRIORY MILD','ALE, ENGLIS','MILD','3,50',1102);
INSERT INTO bier VALUES(787,'S. SMITH''S DARK MILD','ALE, ENGLIS','MILD','3,00',1191);
INSERT INTO bier VALUES(788,'VALLEY BEER MILD','ALE, ENGLIS','MILD','5,80',1310);
INSERT INTO bier VALUES(789,'BRAIN''S DARK','ALE, ENGLIS','MILD','3,50',769);
INSERT INTO bier VALUES(790,'CHESTER BROWN','ALE, ENGLIS','OLD/WINTER','5,00',942);
INSERT INTO bier VALUES(791,'COLLEGE ALE','ALE, ENGLIS','OLD/WINTER','7,40',678);
INSERT INTO bier VALUES(792,'DARK STAR','ALE, ENGLIS','OLD/WINTER','5,00',1143);
INSERT INTO bier VALUES(793,'EVERARDS OLD ALE','ALE, ENGLIS','OLD/WINTER','5,00',899);
INSERT INTO bier VALUES(794,'EVERARDS OLD BILL','ALE, ENGLIS','OLD/WINTER','5,00',899);
INSERT INTO bier VALUES(795,'FINAL SELECTION','ALE, ENGLIS','OLD/WINTER','5,00',1332);
INSERT INTO bier VALUES(796,'HARVEST ALE','ALE, ENGLIS','OLD/WINTER','11,70',1048);
INSERT INTO bier VALUES(797,'HARVEYS XMAS','ALE, ENGLIS','OLD/WINTER','8,30',964);
INSERT INTO bier VALUES(798,'JACK FROST','ALE, ENGLIS','OLD/WINTER','4,50',924);
INSERT INTO bier VALUES(799,'NELSON''S BLOOD','ALE, ENGLIS','OLD/WINTER','6,00',911);
INSERT INTO bier VALUES(800,'OLD BEDFORD','ALE, ENGLIS','OLD/WINTER','5,00',819);
INSERT INTO bier VALUES(801,'OLD CHESTER DARK','ALE, ENGLIS','OLD/WINTER','5,00',942);
INSERT INTO bier VALUES(802,'OLD GROWLER','ALE, ENGLIS','OLD/WINTER','5,50',1102);
INSERT INTO bier VALUES(803,'OLD PECULIER','ALE, ENGLIS','OLD/WINTER','5,00',1264);
INSERT INTO bier VALUES(804,'OLD TOM','ALE, ENGLIS','OLD/WINTER','8,50',1169);
INSERT INTO bier VALUES(805,'OWD ROGER','ALE, ENGLIS','OLD/WINTER','5,00',1074);
INSERT INTO bier VALUES(806,'PRIZE OLD ALE','ALE, ENGLIS','OLD/WINTER','9,50',927);
INSERT INTO bier VALUES(807,'RUDDLE''S COUNTY','ALE, ENGLIS','OLD/WINTER','5,00',1181);
INSERT INTO bier VALUES(808,'STRONG SUFFOLK','ALE, ENGLIS','OLD/WINTER','6,00',943);
INSERT INTO bier VALUES(809,'THOMAS HARDY''S ALE','ALE, ENGLIS','OLD/WINTER','12,00',891);
INSERT INTO bier VALUES(810,'TRAFALGAR','ALE, ENGLIS','OLD/WINTER','9,00',927);
INSERT INTO bier VALUES(811,'YOUNG''S BURTON ALE','ALE, ENGLIS','OLD/WINTER','6,00',1349);
INSERT INTO bier VALUES(812,'YOUNG''S WINTER WARMER','ALE, ENGLIS','OLD/WINTER','5,00',1349);
INSERT INTO bier VALUES(813,'BLACK HORSE','ALE, ENGLIS','OLD/WINTER','6,50',1317);
INSERT INTO bier VALUES(814,'FORMIDABLE','ALE, ENGLIS','OLD/WINTER','8,00',821);
INSERT INTO bier VALUES(815,'STARBESS STRONG ALE','ALE, ENGLIS','OLD/WINTER','10,50',1240);
INSERT INTO bier VALUES(816,'LA MANDRAGORE','ALE, ENGLIS','OLD/WINTER','8,00',767);
INSERT INTO bier VALUES(817,'BRECKENRIDGE XMAS','ALE, ENGLIS','OLD/WINTER','7,40',781);
INSERT INTO bier VALUES(818,'SNOW CAP','ALE, ENGLIS','OLD/WINTER','7,00',1155);
INSERT INTO bier VALUES(819,'WINTER WARMER','ALE, ENGLIS','OLD/WINTER','8,00',1068);
INSERT INTO bier VALUES(820,'ALLOA EXPORT 80/-','ALE, ENGLIS','SCOTTISH PALE','5,00',694);
INSERT INTO bier VALUES(821,'ALLOA SPECIAL 70/-','ALE, ENGLIS','SCOTTISH PALE','5,00',694);
INSERT INTO bier VALUES(822,'ARROL''S 80/-','ALE, ENGLIS','SCOTTISH PALE','5,20',694);
INSERT INTO bier VALUES(823,'AULD REEKIE 80/-','ALE, ENGLIS','SCOTTISH PALE','5,00',1263);
INSERT INTO bier VALUES(824,'BELHAVEN 80/-','ALE, ENGLIS','SCOTTISH PALE','5,00',736);
INSERT INTO bier VALUES(825,'BELHAVEN EXPORT ALE','ALE, ENGLIS','SCOTTISH PALE','4,50',736);
INSERT INTO bier VALUES(826,'BELHAVEN PALE ALE','ALE, ENGLIS','SCOTTISH PALE','5,00',736);
INSERT INTO bier VALUES(827,'BROUGHTON SPECIAL','ALE, ENGLIS','SCOTTISH PALE','5,00',787);
INSERT INTO bier VALUES(828,'CALEDONIAN 80','ALE, ENGLIS','SCOTTISH PALE','4,80',799);
INSERT INTO bier VALUES(829,'DRYBOROUGH SPECIAL','ALE, ENGLIS','SCOTTISH PALE','5,00',873);
INSERT INTO bier VALUES(830,'LIA FAIL','ALE, ENGLIS','SCOTTISH PALE','4,70',999);
INSERT INTO bier VALUES(831,'MC EWANS 80/-','ALE, ENGLIS','SCOTTISH PALE','5,00',1208);
INSERT INTO bier VALUES(832,'MC EWANS EXPORT','ALE, ENGLIS','SCOTTISH PALE','4,20',1208);
INSERT INTO bier VALUES(833,'RED MAC GREGOR','ALE, ENGLIS','SCOTTISH PALE','5,00',1119);
INSERT INTO bier VALUES(834,'ST. ANDREWS','ALE, ENGLIS','SCOTTISH PALE','4,60',736);
INSERT INTO bier VALUES(835,'TENNENT''S 70/-','ALE, ENGLIS','SCOTTISH PALE','5,00',1259);
INSERT INTO bier VALUES(836,'TENNENT''S EXPORT 80/-','ALE, ENGLIS','SCOTTISH PALE','5,00',1259);
INSERT INTO bier VALUES(837,'WALLACE','ALE, ENGLIS','SCOTTISH PALE','4,50',1065);
INSERT INTO bier VALUES(838,'YOUNGER''S N.3','ALE, ENGLIS','SCOTTISH PALE','5,00',1208);
INSERT INTO bier VALUES(839,'YOUNGER''S TARTAN','ALE, ENGLIS','SCOTTISH PALE','5,00',1208);
INSERT INTO bier VALUES(840,'GRANT''S SCOTTISH ALE','ALE, ENGLIS','SCOTTISH PALE','4,70',1348);
INSERT INTO bier VALUES(841,'MAC TARNAHA''S','ALE, ENGLIS','SCOTTISH PALE','5,10',1150);
INSERT INTO bier VALUES(842,1066,'ALE, ENGLIS','STRONG BITTER/PALE','6,00',956);
INSERT INTO bier VALUES(843,1698,'ALE, ENGLIS','STRONG BITTER/PALE','6,50',1212);
INSERT INTO bier VALUES(844,'1824 PARTICULAR','ALE, ENGLIS','STRONG BITTER/PALE','6,00',1305);
INSERT INTO bier VALUES(845,'1830 AMBER','ALE, ENGLIS','STRONG BITTER/PALE','6,50',1143);
INSERT INTO bier VALUES(846,'BATEMANS SUPER BITTER','ALE, ENGLIS','STRONG BITTER/PALE','5,00',727);
INSERT INTO bier VALUES(847,'BISHOPS FINGER','ALE, ENGLIS','STRONG BITTER/PALE','5,40',1212);
INSERT INTO bier VALUES(848,'BOMBARDIER EXPORT','ALE, ENGLIS','STRONG BITTER/PALE','5,50',819);
INSERT INTO bier VALUES(849,'BULLDOG PALE ALE','ALE, ENGLIS','STRONG BITTER/PALE','6,30',832);
INSERT INTO bier VALUES(850,'COURAGE ENGLISH BEER','ALE, ENGLIS','STRONG BITTER/PALE','5,70',832);
INSERT INTO bier VALUES(851,'DOG''S BOLLOCKS','ALE, ENGLIS','STRONG BITTER/PALE','6,50',1343);
INSERT INTO bier VALUES(852,'EAST STREET CREAM','ALE, ENGLIS','STRONG BITTER/PALE','5,00',1158);
INSERT INTO bier VALUES(853,'EXTRA SPECIAL BITTER','ALE, ENGLIS','STRONG BITTER/PALE','5,50',924);
INSERT INTO bier VALUES(854,'FIDDLER''S ELBOW','ALE, ENGLIS','STRONG BITTER/PALE','5,20',1343);
INSERT INTO bier VALUES(855,'FIREBOX','ALE, ENGLIS','STRONG BITTER/PALE','6,00',1158);
INSERT INTO bier VALUES(856,'FREDERICS PREMIUM BEER','ALE, ENGLIS','STRONG BITTER/PALE','5,00',1169);
INSERT INTO bier VALUES(857,'FULLER''S 1845','ALE, ENGLIS','STRONG BITTER/PALE','6,30',924);
INSERT INTO bier VALUES(858,'HEN''S TOOTH','ALE, ENGLIS','STRONG BITTER/PALE','6,20',943);
INSERT INTO bier VALUES(859,'JOHN COURAGE EXPORT','ALE, ENGLIS','STRONG BITTER/PALE','5,00',832);
INSERT INTO bier VALUES(860,'JOHN COURAGE STRONG','ALE, ENGLIS','STRONG BITTER/PALE','5,00',832);
INSERT INTO bier VALUES(861,'MARSTON''S BURTON STRONG','ALE, ENGLIS','STRONG BITTER/PALE','6,20',1074);
INSERT INTO bier VALUES(862,'MARTIN''S PALE ALE','ALE, ENGLIS','STRONG BITTER/PALE','6,50',1004);
INSERT INTO bier VALUES(863,'MASTERPIECE IPA','ALE, ENGLIS','STRONG BITTER/PALE','6,30',726);
INSERT INTO bier VALUES(864,'SHARP''S SPECIAL','ALE, ENGLIS','STRONG BITTER/PALE','5,20',1211);
INSERT INTO bier VALUES(865,'SPECIAL LONDON ALE','ALE, ENGLIS','STRONG BITTER/PALE','6,40',1349);
INSERT INTO bier VALUES(866,'ST. GEORGE','ALE, ENGLIS','STRONG BITTER/PALE','5,20',1349);
INSERT INTO bier VALUES(867,'ST. PETER''S STRONG ALE','ALE, ENGLIS','STRONG BITTER/PALE','5,10',1238);
INSERT INTO bier VALUES(868,'STINGO SPECIAL','ALE, ENGLIS','STRONG BITTER/PALE','6,60',759);
INSERT INTO bier VALUES(869,'WHITBREAD PALE','ALE, ENGLIS','STRONG BITTER/PALE','5,60',1332);
INSERT INTO bier VALUES(870,'WORTHINGTON WH. SHIELD','ALE, ENGLIS','STRONG BITTER/PALE','5,60',725);
INSERT INTO bier VALUES(871,'YOUNG''S STRONG EXPORT','ALE, ENGLIS','STRONG BITTER/PALE','5,00',1349);
INSERT INTO bier VALUES(872,'ARTIGIAN ALE','ALE, ENGLIS','STRONG BITTER/PALE','6,20',745);
INSERT INTO bier VALUES(873,'OLD ELIOT','ALE, ENGLIS','STRONG BITTER/PALE','5,00',1317);
INSERT INTO bier VALUES(874,'CASTA BRUNA','ALE, ENGLIS','STRONG BITTER/PALE','5,50',896);
INSERT INTO bier VALUES(875,'ALESMITH''S ESB','ALE, ENGLIS','STRONG BITTER/PALE','5,50',693);
INSERT INTO bier VALUES(876,'AMERICAN ESB','ALE, ENGLIS','STRONG BITTER/PALE','5,00',1180);
INSERT INTO bier VALUES(877,'EMPIRE STATE BITTER','ALE, ENGLIS','STRONG BITTER/PALE','5,00',824);
INSERT INTO bier VALUES(878,'KILTLIFTER','ALE, ENGLIS','STRONG BITTER/PALE','6,00',918);
INSERT INTO bier VALUES(879,'MEYER E.S.B.','ALE, ENGLIS','STRONG BITTER/PALE','5,00',1266);
INSERT INTO bier VALUES(880,'PACIFIC RIDGE','ALE, ENGLIS','STRONG BITTER/PALE','5,60',701);
INSERT INTO bier VALUES(881,'REDHOOK ESB','ALE, ENGLIS','STRONG BITTER/PALE','5,60',1159);
INSERT INTO bier VALUES(882,'STEELHEAD AMBER','ALE, ENGLIS','STRONG BITTER/PALE','5,00',1245);
INSERT INTO bier VALUES(883,'NAPOLEON','ALE, ENGLIS','STRONG SCOTCH','8,00',851);
INSERT INTO bier VALUES(884,'SCOTCH DE SILLY','ALE, ENGLIS','STRONG SCOTCH','8,00',1217);
INSERT INTO bier VALUES(885,'WELLINGTON SCOTCH ALE','ALE, ENGLIS','STRONG SCOTCH','5,00',1298);
INSERT INTO bier VALUES(886,'CAMPBELL SCOTCH ALE','ALE, ENGLIS','STRONG SCOTCH','7,60',1332);
INSERT INTO bier VALUES(887,'CAMPBELL XMAS','ALE, ENGLIS','STRONG SCOTCH','8,30',1332);
INSERT INTO bier VALUES(888,'JOHN SMITH''S SCOTCH','ALE, ENGLIS','STRONG SCOTCH','5,00',1006);
INSERT INTO bier VALUES(889,'BELHAVEN STRONG ALE','ALE, ENGLIS','STRONG SCOTCH','5,00',736);
INSERT INTO bier VALUES(890,'BELHAVEN WEE HEAVY','ALE, ENGLIS','STRONG SCOTCH','7,20',736);
INSERT INTO bier VALUES(891,'DEVIL''S KISS','ALE, ENGLIS','STRONG SCOTCH','7,00',1263);
INSERT INTO bier VALUES(892,'DOUGLAS SCOTCH','ALE, ENGLIS','STRONG SCOTCH','8,60',1005);
INSERT INTO bier VALUES(893,'DOUGLAS XMAS','ALE, ENGLIS','STRONG SCOTCH','8,60',1005);
INSERT INTO bier VALUES(894,'EDINBURGH STRONG ALE','ALE, ENGLIS','STRONG SCOTCH','6,40',799);
INSERT INTO bier VALUES(895,'FOWLER''S WEE HEAVY','ALE, ENGLIS','STRONG SCOTCH','5,00',1259);
INSERT INTO bier VALUES(896,'GORDON''S FINEST RED','ALE, ENGLIS','STRONG SCOTCH','8,40',1005);
INSERT INTO bier VALUES(897,'JACOBITE ALE','ALE, ENGLIS','STRONG SCOTCH','8,00',1282);
INSERT INTO bier VALUES(898,'KINROSS SCOTCH ALE','ALE, ENGLIS','STRONG SCOTCH','5,00',882);
INSERT INTO bier VALUES(899,'MC EWANS SCOTCH ALE','ALE, ENGLIS','STRONG SCOTCH','8,00',1208);
INSERT INTO bier VALUES(900,'MC EWANS STRONG ALE','ALE, ENGLIS','STRONG SCOTCH','6,00',1208);
INSERT INTO bier VALUES(901,'OLD JOCK','ALE, ENGLIS','STRONG SCOTCH','6,70',787);
INSERT INTO bier VALUES(902,'S. ANDREWS CELEBRATION','ALE, ENGLIS','STRONG SCOTCH','5,00',737);
INSERT INTO bier VALUES(903,'TENNENT''S SCOTCH','ALE, ENGLIS','STRONG SCOTCH','9,00',1259);
INSERT INTO bier VALUES(904,'TRAQUAIR 100TH BREW 1978','ALE, ENGLIS','STRONG SCOTCH','5,00',1282);
INSERT INTO bier VALUES(905,'TRAQUAIR ANNIVERSARY','ALE, ENGLIS','STRONG SCOTCH','5,00',738);
INSERT INTO bier VALUES(906,'TRAQUAIR HOUSE ALE','ALE, ENGLIS','STRONG SCOTCH','7,00',738);
INSERT INTO bier VALUES(907,'YOUNGER''S SCOTCH','ALE, ENGLIS','STRONG SCOTCH','5,00',1208);
INSERT INTO bier VALUES(908,'NEW SCOTS ALE','ALE, ENGLIS','STRONG SCOTCH','5,00',830);
INSERT INTO bier VALUES(909,'SCHAFLY SCOTCH ALE','ALE, ENGLIS','STRONG SCOTCH','5,00',1199);
INSERT INTO bier VALUES(910,'1994 CHRISTMAS','ALE, ENGLIS','','8,00',1018);
INSERT INTO bier VALUES(911,'CALVER''S CREAM ALE','ALE, ENGLIS','','5,00',800);
INSERT INTO bier VALUES(912,'CELEBRATION ROYALE','ALE, ENGLIS','','5,00',1018);
INSERT INTO bier VALUES(913,'CHESTER GOLD','ALE, ENGLIS','','5,00',942);
INSERT INTO bier VALUES(914,'FARGO','ALE, ENGLIS','','5,00',819);
INSERT INTO bier VALUES(915,'HSB 25'' ANNIVERSARY','ALE, ENGLIS','','5,00',927);
INSERT INTO bier VALUES(916,'KING''S ALE','ALE, ENGLIS','','5,00',725);
INSERT INTO bier VALUES(917,'POPE''S 1880','ALE, ENGLIS','','5,00',891);
INSERT INTO bier VALUES(918,'WATNEY''S TRADITIONAL','ALE, ENGLIS','','5,00',1326);
INSERT INTO bier VALUES(919,'YOUNG ROWLEY 29/7/81','ALE, ENGLIS','','5,00',1128);
INSERT INTO bier VALUES(920,'DON STUART','ALE, ENGLIS','','5,00',1209);
INSERT INTO bier VALUES(921,'VILFORT','ALE, ENGLIS','','5,00',1209);
INSERT INTO bier VALUES(922,'TWYFORD AMBER ALE','ALE, ENGLIS','','5,00',946);
INSERT INTO bier VALUES(923,'CALIFFA','ALE, ENGLIS','','5,70',812);
INSERT INTO bier VALUES(924,'CORNIOLA','ALE, ENGLIS','','5,00',1109);
INSERT INTO bier VALUES(925,'FIOR DI LUPPOLO','ALE, ENGLIS','','3,80',723);
INSERT INTO bier VALUES(926,'LAMBRATE','ALE, ENGLIS','','7,00',1043);
INSERT INTO bier VALUES(927,'RED MOON','ALE, ENGLIS','','6,20',1317);
INSERT INTO bier VALUES(928,'SPOON RIVER','ALE, ENGLIS','','6,00',938);
INSERT INTO bier VALUES(929,'STARBESS RED ALE','ALE, ENGLIS','','5,50',1240);
INSERT INTO bier VALUES(930,'THERESIANER STRONG ALE','ALE, ENGLIS','','6,50',1265);
INSERT INTO bier VALUES(931,'VILLA POLA','ALE, ENGLIS','','3,80',723);
INSERT INTO bier VALUES(932,'WOW!','ALE, ENGLIS','','6,00',1228);
INSERT INTO bier VALUES(933,'FARSONS STRONG ALE','ALE, ENGLIS','','6,20',905);
INSERT INTO bier VALUES(934,'BLACK DOUGLAS','ALE, ENGLIS','','5,20',787);
INSERT INTO bier VALUES(935,'MONKSCROFT HOUSE ALE','ALE, ENGLIS','','5,00',737);
INSERT INTO bier VALUES(936,'BOONT AMBER','ALE, ENGLIS','','5,80',700);
INSERT INTO bier VALUES(937,'CELEBRATION ALE 2000','ALE, ENGLIS','','6,80',1215);
INSERT INTO bier VALUES(938,'OUR SPECIAL ALE 2000','ALE, ENGLIS','','5,00',699);
INSERT INTO bier VALUES(939,'OUR SPECIAL ALE 2001','ALE, ENGLIS','','5,00',699);
INSERT INTO bier VALUES(940,'PETE''S WICKED SUMMER','ALE, ENGLIS','','5,00',1140);
INSERT INTO bier VALUES(941,'SAMUEL ADAMS TRIPLE BOCK','ALE, ENGLIS','','7,50',766);
INSERT INTO bier VALUES(942,'AERST 1900','ALE, BELGIAN','BELGIAN PALE','8,00',1129);
INSERT INTO bier VALUES(943,'CUVEE'' DE KONINK','ALE, BELGIAN','BELGIAN PALE','8,00',846);
INSERT INTO bier VALUES(944,'DE KONINK','ALE, BELGIAN','BELGIAN PALE','5,00',846);
INSERT INTO bier VALUES(945,'KETJE','ALE, BELGIAN','BELGIAN PALE','5,00',992);
INSERT INTO bier VALUES(946,'PALM SPECIALE','ALE, BELGIAN','BELGIAN PALE','5,00',1129);
INSERT INTO bier VALUES(947,'SLOEBER','ALE, BELGIAN','BELGIAN PALE','7,50',1175);
INSERT INTO bier VALUES(948,'VIEUX TEMPS','ALE, BELGIAN','BELGIAN PALE','5,00',707);
INSERT INTO bier VALUES(949,'CELIS PALE BOCK','ALE, BELGIAN','BELGIAN PALE','7,50',852);
INSERT INTO bier VALUES(950,'FAT TIRE','ALE, BELGIAN','BELGIAN PALE','5,00',1103);
INSERT INTO bier VALUES(951,'ABBAYE D''AULNE TRIPLE BRUNE','ALE, BELGIAN','BELGIAN STRONG','9,00',1307);
INSERT INTO bier VALUES(952,'ABBAYE DE ROCS NOEL','ALE, BELGIAN','BELGIAN STRONG','9,00',682);
INSERT INTO bier VALUES(953,'ABBAYE DES ROCS','ALE, BELGIAN','BELGIAN STRONG','9,00',682);
INSERT INTO bier VALUES(954,'AFFLIGEM XMAS','ALE, BELGIAN','BELGIAN STRONG','8,00',853);
INSERT INTO bier VALUES(955,'BONNE ESPERANCE','ALE, BELGIAN','BELGIAN STRONG','8,00',1050);
INSERT INTO bier VALUES(956,'CHIMAY TAPPO BIANCO','ALE, BELGIAN','BELGIAN STRONG','8,00',1275);
INSERT INTO bier VALUES(957,'CHIMAY TAPPO BLU','ALE, BELGIAN','BELGIAN STRONG','9,00',1275);
INSERT INTO bier VALUES(958,'CHIMAY TAPPO ROSSO','ALE, BELGIAN','BELGIAN STRONG','7,00',1275);
INSERT INTO bier VALUES(959,'CUVEE DE NOEL','ALE, BELGIAN','BELGIAN STRONG','8,50',874);
INSERT INTO bier VALUES(960,'EX LIBRIS','ALE, BELGIAN','BELGIAN STRONG','7,00',1029);
INSERT INTO bier VALUES(961,'FLOREFFE','ALE, BELGIAN','BELGIAN STRONG','9,00',1051);
INSERT INTO bier VALUES(962,'GRIMBERGEN','ALE, BELGIAN','BELGIAN STRONG','5,00',1298);
INSERT INTO bier VALUES(963,'HET KAPITTEL PRIOR','ALE, BELGIAN','BELGIAN STRONG','9,00',1313);
INSERT INTO bier VALUES(964,'JOYEUX NOEL','ALE, BELGIAN','BELGIAN STRONG','8,00',904);
INSERT INTO bier VALUES(965,'LA BINCHOISE BRUNE','ALE, BELGIAN','BELGIAN STRONG','8,20',1033);
INSERT INTO bier VALUES(966,'LA BINCHOISE NOEL','ALE, BELGIAN','BELGIAN STRONG','9,00',1033);
INSERT INTO bier VALUES(967,'LA DIVINE','ALE, BELGIAN','BELGIAN STRONG','9,00',1217);
INSERT INTO bier VALUES(968,'LA GATTE D''OR','ALE, BELGIAN','BELGIAN STRONG','7,50',772);
INSERT INTO bier VALUES(969,'MAREDSOUS 8','ALE, BELGIAN','BELGIAN STRONG','8,00',1091);
INSERT INTO bier VALUES(970,'MOEDER OVERSTE','ALE, BELGIAN','BELGIAN STRONG','8,00',1049);
INSERT INTO bier VALUES(971,'MOINETTE BLONDE','ALE, BELGIAN','BELGIAN STRONG','8,50',878);
INSERT INTO bier VALUES(972,'MOINETTE BRUNE','ALE, BELGIAN','BELGIAN STRONG','8,50',878);
INSERT INTO bier VALUES(973,'PATER NOSTER','ALE, BELGIAN','BELGIAN STRONG','6,30',749);
INSERT INTO bier VALUES(974,'RADIEUSE','ALE, BELGIAN','BELGIAN STRONG','8,50',1064);
INSERT INTO bier VALUES(975,'ROCHEFORT 6','ALE, BELGIAN','BELGIAN STRONG','7,50',1279);
INSERT INTO bier VALUES(976,'ROCHEFORT 8','ALE, BELGIAN','BELGIAN STRONG','9,20',1279);
INSERT INTO bier VALUES(977,'S. SIXTUS (BERN.) PATER','ALE, BELGIAN','BELGIAN STRONG','6,20',1183);
INSERT INTO bier VALUES(978,'SILENRIEUX NOEL','ALE, BELGIAN','BELGIAN STRONG','7,50',1216);
INSERT INTO bier VALUES(979,'ST. FEUILLEN CUVEE DE NOEL','ALE, BELGIAN','BELGIAN STRONG','9,00',922);
INSERT INTO bier VALUES(980,'ST. MONON AMBREE''','ALE, BELGIAN','BELGIAN STRONG','6,50',1237);
INSERT INTO bier VALUES(981,'ST. MONON BRUNE','ALE, BELGIAN','BELGIAN STRONG','7,50',1237);
INSERT INTO bier VALUES(982,'VAL-DIEU BRUNE','ALE, BELGIAN','BELGIAN STRONG','8,00',1308);
INSERT INTO bier VALUES(983,'VIEILLE CUVEE','ALE, BELGIAN','BELGIAN STRONG','8,00',1064);
INSERT INTO bier VALUES(984,'VLETEREN ALT','ALE, BELGIAN','BELGIAN STRONG','8,00',1099);
INSERT INTO bier VALUES(985,'WESTVLETEREN 8','ALE, BELGIAN','BELGIAN STRONG','8,00',1281);
INSERT INTO bier VALUES(986,'ZATTE BIE','ALE, BELGIAN','BELGIAN STRONG','9,00',837);
INSERT INTO bier VALUES(987,'MAUDITE','ALE, BELGIAN','BELGIAN STRONG','8,00',1295);
INSERT INTO bier VALUES(988,'TROIS PISTOLES','ALE, BELGIAN','BELGIAN STRONG','9,00',1295);
INSERT INTO bier VALUES(989,'TICKLE BRAIN','ALE, BELGIAN','BELGIAN STRONG','8,00',792);
INSERT INTO bier VALUES(990,'NOEL CHOCOLATE','ALE, BELGIAN','BELGIAN STRONG','9,00',717);
INSERT INTO bier VALUES(991,'NOEL DU BALADIN','ALE, BELGIAN','BELGIAN STRONG','9,00',717);
INSERT INTO bier VALUES(992,'RAISON D''ETRE','ALE, BELGIAN','BELGIAN STRONG','8,00',865);
INSERT INTO bier VALUES(993,'ACHEL BLONDE','ALE, BELGIAN','BLONDE','8,00',1274);
INSERT INTO bier VALUES(994,'AFFLIGEM BLONDE','ALE, BELGIAN','BLONDE','6,80',689);
INSERT INTO bier VALUES(995,'BLONDE DES PERES','ALE, BELGIAN','BLONDE','6,00',854);
INSERT INTO bier VALUES(996,'CINEY BLONDE','ALE, BELGIAN','BLONDE','7,00',1298);
INSERT INTO bier VALUES(997,'GRIBOUSINE MALONNE BLONDE','ALE, BELGIAN','BLONDE','9,00',1033);
INSERT INTO bier VALUES(998,'LA TRAPPE BLONDE','ALE, BELGIAN','BLONDE','6,50',1039);
INSERT INTO bier VALUES(999,'MONTAGNARDE BLONDE','ALE, BELGIAN','BLONDE','7,50',682);
INSERT INTO bier VALUES(1000,'RADER BLONDE','ALE, BELGIAN','BLONDE','6,50',1156);
INSERT INTO bier VALUES(1001,'ROCHEFORTOISE BLONDE','ALE, BELGIAN','BLONDE','6,20',1170);
INSERT INTO bier VALUES(1002,'RULLES BLONDE','ALE, BELGIAN','BLONDE','7,00',1182);
INSERT INTO bier VALUES(1003,'SERAFIJN CELTIC ANGEL','ALE, BELGIAN','BLONDE','6,20',684);
INSERT INTO bier VALUES(1004,'ST. ERLIN','ALE, BELGIAN','BLONDE','6,30',711);
INSERT INTO bier VALUES(1005,'WALLONIE ARTISANS BRASSEURS','ALE, BELGIAN','BLONDE','6,50',874);
INSERT INTO bier VALUES(1006,'WESTVLETEREN BLOND','ALE, BELGIAN','BLONDE','5,80',1281);
INSERT INTO bier VALUES(1007,'ALPHAND BLONDE','ALE, BELGIAN','BLONDE','5,00',695);
INSERT INTO bier VALUES(1008,'COREFF BLONDE','ALE, BELGIAN','BLONDE','5,00',828);
INSERT INTO bier VALUES(1009,'MONT BLANC BLONDE','ALE, BELGIAN','BLONDE','5,00',1088);
INSERT INTO bier VALUES(1010,'GORGONA','ALE, BELGIAN','BLONDE','7,10',750);
INSERT INTO bier VALUES(1011,'PANIL BLONDE','ALE, BELGIAN','BLONDE','5,00',1273);
INSERT INTO bier VALUES(1012,'BOURGOGNE DES FLANDRES','ALE, BELGIAN','BRUIN','5,00',1268);
INSERT INTO bier VALUES(1013,'GROTTENBIER','ALE, BELGIAN','BRUIN','6,50',851);
INSERT INTO bier VALUES(1014,'LIEFMANS GOUDENBAND','ALE, BELGIAN','BRUIN','6,00',1055);
INSERT INTO bier VALUES(1015,'MECHELSCHEN BRUYNEN','ALE, BELGIAN','BRUIN','5,50',978);
INSERT INTO bier VALUES(1016,'OUDENAAARDE CNUDDE','ALE, BELGIAN','BRUIN','6,00',822);
INSERT INTO bier VALUES(1017,'PETRUS OUD BRUIN','ALE, BELGIAN','BRUIN','5,50',731);
INSERT INTO bier VALUES(1018,'QUEUE DE CHARRUE','ALE, BELGIAN','BRUIN','5,40',1321);
INSERT INTO bier VALUES(1019,'ROMAN OUDENAARDS','ALE, BELGIAN','BRUIN','5,00',1175);
INSERT INTO bier VALUES(1020,'SNOECK BRUIN','ALE, BELGIAN','BRUIN','5,50',856);
INSERT INTO bier VALUES(1021,'STRAFFE HENDRIJK BRUIN','ALE, BELGIAN','BRUIN','8,50',1253);
INSERT INTO bier VALUES(1022,'ZOTTEGEMSE GRAND CRU','ALE, BELGIAN','BRUIN','8,40',834);
INSERT INTO bier VALUES(1023,'MESTREECHT AAJT','ALE, BELGIAN','BRUIN','3,50',948);
INSERT INTO bier VALUES(1024,'ABB DE FLANDRES DOUBLE','ALE, BELGIAN','DUBBEL','5,00',1168);
INSERT INTO bier VALUES(1025,'ACHEL DONKER','ALE, BELGIAN','DUBBEL','8,00',1274);
INSERT INTO bier VALUES(1026,'AFFLIGEM DUBBEL','ALE, BELGIAN','DUBBEL','6,50',689);
INSERT INTO bier VALUES(1027,'CHARLES QUINT','ALE, BELGIAN','DUBBEL','7,00',951);
INSERT INTO bier VALUES(1028,'ENAMEL DUBBEL','ALE, BELGIAN','DUBBEL','6,50',1175);
INSERT INTO bier VALUES(1029,'FLOREFFE DOUBLE','ALE, BELGIAN','DUBBEL','7,00',1049);
INSERT INTO bier VALUES(1030,'GERARDUS KLOOSTERBIER DUBBEL','ALE, BELGIAN','DUBBEL','7,00',949);
INSERT INTO bier VALUES(1031,'S. BENEDICT','ALE, BELGIAN','DUBBEL','6,50',845);
INSERT INTO bier VALUES(1032,'S. BENOIT BRUNE','ALE, BELGIAN','DUBBEL','6,30',874);
INSERT INTO bier VALUES(1033,'S. DENISE DARK','ALE, BELGIAN','DUBBEL','6,90',1248);
INSERT INTO bier VALUES(1034,'S. LAURENT DOUBLE','ALE, BELGIAN','DUBBEL','6,90',1248);
INSERT INTO bier VALUES(1035,'S. SEBASTIAN DARK','ALE, BELGIAN','DUBBEL','6,90',1248);
INSERT INTO bier VALUES(1036,'STEENBRUGGE DUBBEL','ALE, BELGIAN','DUBBEL','6,50',841);
INSERT INTO bier VALUES(1037,'WESTMALLE DOUBLE','ALE, BELGIAN','DUBBEL','6,50',1280);
INSERT INTO bier VALUES(1038,'PANIL BRUNE','ALE, BELGIAN','DUBBEL','7,50',1273);
INSERT INTO bier VALUES(1039,'HERTOG JAN DOUBLE','ALE, BELGIAN','DUBBEL','7,00',703);
INSERT INTO bier VALUES(1040,'LA TRAPPE DUBBEL','ALE, BELGIAN','DUBBEL','6,50',1277);
INSERT INTO bier VALUES(1041,'BELGIAN ABBEY DUBBEL','ALE, BELGIAN','DUBBEL','7,30',914);
INSERT INTO bier VALUES(1042,'BACCHUS','ALE, BELGIAN','FLEMISH SOUR','4,60',1314);
INSERT INTO bier VALUES(1043,'CAVES','ALE, BELGIAN','FLEMISH SOUR','5,50',1321);
INSERT INTO bier VALUES(1044,'RODENBACH','ALE, BELGIAN','FLEMISH SOUR','5,00',1172);
INSERT INTO bier VALUES(1045,'RODENBACH ALEXANDER','ALE, BELGIAN','FLEMISH SOUR','5,10',1172);
INSERT INTO bier VALUES(1046,'RODENBACH GRAND CRU','ALE, BELGIAN','FLEMISH SOUR','5,20',1172);
INSERT INTO bier VALUES(1047,'BARRIQUEE','ALE, BELGIAN','FLEMISH SOUR','8,00',1273);
INSERT INTO bier VALUES(1048,'BARRIQUEE MILD','ALE, BELGIAN','FLEMISH SOUR','8,00',1273);
INSERT INTO bier VALUES(1049,'LA FOLIE','ALE, BELGIAN','FLEMISH SOUR','6,00',1103);
INSERT INTO bier VALUES(1050,'3 MONTS','ALE, BELGIAN','GARDE','8,50',1187);
INSERT INTO bier VALUES(1051,'ABBATIALE','ALE, BELGIAN','GARDE','7,00',1232);
INSERT INTO bier VALUES(1052,'ANGELUS','ALE, BELGIAN','GARDE','7,00',702);
INSERT INTO bier VALUES(1053,'BIERE DES SANS CULOTTES','ALE, BELGIAN','GARDE','6,50',1035);
INSERT INTO bier VALUES(1054,'BIRRA DEL MINATORE','ALE, BELGIAN','GARDE','5,50',741);
INSERT INTO bier VALUES(1055,'CAVE DES PERES','ALE, BELGIAN','GARDE','5,00',702);
INSERT INTO bier VALUES(1056,'CERVOISE LANCELOT','ALE, BELGIAN','GARDE','6,00',1044);
INSERT INTO bier VALUES(1057,'CH''TE','ALE, BELGIAN','GARDE','6,00',741);
INSERT INTO bier VALUES(1058,'CUVEE DE NOEL','ALE, BELGIAN','GARDE','7,50',741);
INSERT INTO bier VALUES(1059,'GAVROCHE','ALE, BELGIAN','GARDE','8,50',1187);
INSERT INTO bier VALUES(1060,'GRAIN D''ORGE','ALE, BELGIAN','GARDE','7,00',1002);
INSERT INTO bier VALUES(1061,'JADE BIERE PRECIEUSE','ALE, BELGIAN','GARDE','4,60',741);
INSERT INTO bier VALUES(1062,'JENLAIN','ALE, BELGIAN','GARDE','6,50',879);
INSERT INTO bier VALUES(1063,'JENLAIN BLONDE','ALE, BELGIAN','GARDE','6,50',879);
INSERT INTO bier VALUES(1064,'LA CHOULETTE AMBREE''','ALE, BELGIAN','GARDE','7,50',1035);
INSERT INTO bier VALUES(1065,'LA CHOULETTE BLONDE','ALE, BELGIAN','GARDE','7,00',1035);
INSERT INTO bier VALUES(1066,'LA GOUDALE','ALE, BELGIAN','GARDE','7,20',892);
INSERT INTO bier VALUES(1067,'LUTECE','ALE, BELGIAN','GARDE','6,40',892);
INSERT INTO bier VALUES(1068,'RESERVE DU CORBEAU','ALE, BELGIAN','GARDE','6,40',775);
INSERT INTO bier VALUES(1069,'RIJSELS','ALE, BELGIAN','GARDE','5,00',1196);
INSERT INTO bier VALUES(1070,'S. LANDELIN','ALE, BELGIAN','GARDE','6,80',892);
INSERT INTO bier VALUES(1071,'S. LEONARD','ALE, BELGIAN','GARDE','6,00',1184);
INSERT INTO bier VALUES(1072,'SEBOURG','ALE, BELGIAN','GARDE','6,00',879);
INSERT INTO bier VALUES(1073,'SEPTANTE 5','ALE, BELGIAN','GARDE','7,50',940);
INSERT INTO bier VALUES(1074,'AMBREE DU BALADIN','ALE, BELGIAN','GARDE','6,20',717);
INSERT INTO bier VALUES(1075,'BIERE DU BOUCANIER','ALE, BELGIAN','GOLDEN','11,00',748);
INSERT INTO bier VALUES(1076,'BOSKEUN','ALE, BELGIAN','GOLDEN','8,90',840);
INSERT INTO bier VALUES(1077,'BUSH BLONDE','ALE, BELGIAN','GOLDEN','10,50',877);
INSERT INTO bier VALUES(1078,'DELIRIUM TREMENS','ALE, BELGIAN','GOLDEN','9,00',994);
INSERT INTO bier VALUES(1079,'DUVEL','ALE, BELGIAN','GOLDEN','8,60',1090);
INSERT INTO bier VALUES(1080,'HAPKIN','ALE, BELGIAN','GOLDEN','8,50',1061);
INSERT INTO bier VALUES(1081,'JUDAS','ALE, BELGIAN','GOLDEN','8,50',1298);
INSERT INTO bier VALUES(1082,'JULIUS','ALE, BELGIAN','GOLDEN','8,70',845);
INSERT INTO bier VALUES(1083,'LA GUILLOTINE','ALE, BELGIAN','GOLDEN','9,10',994);
INSERT INTO bier VALUES(1084,'LUCIFER','ALE, BELGIAN','GOLDEN','9,00',1168);
INSERT INTO bier VALUES(1085,'PIRAAT','ALE, BELGIAN','GOLDEN','10,60',748);
INSERT INTO bier VALUES(1086,'SATAN GOLD','ALE, BELGIAN','GOLDEN','8,00',838);
INSERT INTO bier VALUES(1087,'EAU BENITE','ALE, BELGIAN','GOLDEN','7,70',1296);
INSERT INTO bier VALUES(1088,'2004 SYMPOSIUM ALE','ALE, BELGIAN','GOLDEN','7,50',1251);
INSERT INTO bier VALUES(1089,'HENNEPIN','ALE, BELGIAN','GOLDEN','7,50',1116);
INSERT INTO bier VALUES(1090,'ADA 10','ALE, BELGIAN','QUADRUPEL','10,00',854);
INSERT INTO bier VALUES(1091,'GRIMBERGEN OPTIMO BRUNO','ALE, BELGIAN','QUADRUPEL','10,00',1298);
INSERT INTO bier VALUES(1092,'GULDEN DRAAK','ALE, BELGIAN','QUADRUPEL','11,00',748);
INSERT INTO bier VALUES(1093,'HET KAPITTEL ABT','ALE, BELGIAN','QUADRUPEL','10,00',1313);
INSERT INTO bier VALUES(1094,'KASTEEL','ALE, BELGIAN','QUADRUPEL','12,00',1314);
INSERT INTO bier VALUES(1095,'N''ICE CHOUFFE','ALE, BELGIAN','QUADRUPEL','10,00',1034);
INSERT INTO bier VALUES(1096,'ROCHEFORT 10','ALE, BELGIAN','QUADRUPEL','11,30',1279);
INSERT INTO bier VALUES(1097,'S. SIXTUS (BERN.) ABT','ALE, BELGIAN','QUADRUPEL','10,00',1183);
INSERT INTO bier VALUES(1098,'ULTRABRUNE','ALE, BELGIAN','QUADRUPEL','10,00',880);
INSERT INTO bier VALUES(1099,'WESTVLETEREN 12','ALE, BELGIAN','QUADRUPEL','10,60',1281);
INSERT INTO bier VALUES(1100,'LA TRAPPE QUADRUPEL','ALE, BELGIAN','QUADRUPEL','10,00',1276);
INSERT INTO bier VALUES(1101,'WEYERBACHER QUAD','ALE, BELGIAN','QUADRUPEL','12,10',1331);
INSERT INTO bier VALUES(1102,'CERVESIA','ALE, BELGIAN','SAISON','8,50',878);
INSERT INTO bier VALUES(1103,'SAISON DE SILLY','ALE, BELGIAN','SAISON','5,00',1217);
INSERT INTO bier VALUES(1104,'SAISON DUPONT','ALE, BELGIAN','SAISON','6,50',878);
INSERT INTO bier VALUES(1105,'SAISON REGAL','ALE, BELGIAN','SAISON','6,50',874);
INSERT INTO bier VALUES(1106,'SEZOENS','ALE, BELGIAN','SAISON','6,00',1075);
INSERT INTO bier VALUES(1107,'SAISON DU BI-DU','ALE, BELGIAN','SAISON','5,00',745);
INSERT INTO bier VALUES(1108,'SHANGRI-LA','ALE, BELGIAN','SAISON','8,50',1287);
INSERT INTO bier VALUES(1109,'WAYAN','ALE, BELGIAN','SAISON','5,20',717);
INSERT INTO bier VALUES(1110,'WAYAN CUVEE D''ETE''','ALE, BELGIAN','SAISON','5,80',717);
INSERT INTO bier VALUES(1111,'MAGNOLIA SAISON','ALE, BELGIAN','SAISON','6,40',1068);
INSERT INTO bier VALUES(1112,'RABBID RABBIT','ALE, BELGIAN','SAISON','7,20',679);
INSERT INTO bier VALUES(1113,'AFFLIGEM TRIPLE','ALE, BELGIAN','TRIPLE','8,50',853);
INSERT INTO bier VALUES(1114,'AGNUS DEI','ALE, BELGIAN','TRIPLE','8,00',875);
INSERT INTO bier VALUES(1115,'BORNEM TRIPPEL','ALE, BELGIAN','TRIPLE','9,00',748);
INSERT INTO bier VALUES(1116,'BRUGSE TRIPEL','ALE, BELGIAN','TRIPLE','9,00',841);
INSERT INTO bier VALUES(1117,'DENDERMONDE TRIPLE','ALE, BELGIAN','TRIPLE','8,00',838);
INSERT INTO bier VALUES(1118,'DULLE TEVE','ALE, BELGIAN','TRIPLE','10,00',840);
INSERT INTO bier VALUES(1119,'ENAMEL TRIPEL','ALE, BELGIAN','TRIPLE','9,00',1175);
INSERT INTO bier VALUES(1120,'GENTSE TRIPEL','ALE, BELGIAN','TRIPLE','8,00',748);
INSERT INTO bier VALUES(1121,'GRIMBERGER TRIPLE','ALE, BELGIAN','TRIPLE','7,00',1298);
INSERT INTO bier VALUES(1122,'KASTEEL TRIPLE','ALE, BELGIAN','TRIPLE','11,00',1314);
INSERT INTO bier VALUES(1123,'LA MONTAGNARDE','ALE, BELGIAN','TRIPLE','9,00',682);
INSERT INTO bier VALUES(1124,'LAMORAL TRIPEL','ALE, BELGIAN','TRIPLE','8,00',1311);
INSERT INTO bier VALUES(1125,'LEFFE TRIPLE','ALE, BELGIAN','TRIPLE','8,40',1064);
INSERT INTO bier VALUES(1126,'LICHTERVELDS BLONDE','ALE, BELGIAN','TRIPLE','9,00',840);
INSERT INTO bier VALUES(1127,'MAREDSOUS 10','ALE, BELGIAN','TRIPLE','10,00',1091);
INSERT INTO bier VALUES(1128,'MONT SAINT-AUBERT','ALE, BELGIAN','TRIPLE','8,00',788);
INSERT INTO bier VALUES(1129,'QUEUE DE CHARRUE BLONDE','ALE, BELGIAN','TRIPLE','9,00',748);
INSERT INTO bier VALUES(1130,'RIVA ABBEY TRIPLE','ALE, BELGIAN','TRIPLE','7,50',1168);
INSERT INTO bier VALUES(1131,'S. DENISE GRAND CRU','ALE, BELGIAN','TRIPLE','7,60',1248);
INSERT INTO bier VALUES(1132,'S. LAURENT TRIPLE','ALE, BELGIAN','TRIPLE','7,60',1248);
INSERT INTO bier VALUES(1133,'S. MICHAEL','ALE, BELGIAN','TRIPLE','6,80',994);
INSERT INTO bier VALUES(1134,'S. SEBASTIAN GRAND CRU','ALE, BELGIAN','TRIPLE','7,60',1248);
INSERT INTO bier VALUES(1135,'S. SIXTUS (BERN.) TRIPLE','ALE, BELGIAN','TRIPLE','7,50',1183);
INSERT INTO bier VALUES(1136,'S.ARNOLDUS','ALE, BELGIAN','TRIPLE','7,20',1168);
INSERT INTO bier VALUES(1137,'SERAFIJN TRIPLE','ALE, BELGIAN','TRIPLE','8,00',684);
INSERT INTO bier VALUES(1138,'ST. FEUILLEN TRIPLE','ALE, BELGIAN','TRIPLE','8,50',922);
INSERT INTO bier VALUES(1139,'STEENBRUGGE TRIPLE','ALE, BELGIAN','TRIPLE','9,00',841);
INSERT INTO bier VALUES(1140,'TOISON D''OR TRIPLE','ALE, BELGIAN','TRIPLE','7,00',978);
INSERT INTO bier VALUES(1141,'TRAP 40','ALE, BELGIAN','TRIPLE','9,00',994);
INSERT INTO bier VALUES(1142,'TRIPLE KARMELIERT','ALE, BELGIAN','TRIPLE','8,00',764);
INSERT INTO bier VALUES(1143,'TRIPLE MOINE','ALE, BELGIAN','TRIPLE','7,00',874);
INSERT INTO bier VALUES(1144,'VAL DIEU TRIPLE','ALE, BELGIAN','TRIPLE','9,00',1308);
INSERT INTO bier VALUES(1145,'WESTMALLE TRIPLE','ALE, BELGIAN','TRIPLE','9,00',1280);
INSERT INTO bier VALUES(1146,'WITKAP PATER TRIPEL','ALE, BELGIAN','TRIPLE','7,50',1223);
INSERT INTO bier VALUES(1147,'LA FIN DU MONDE','ALE, BELGIAN','TRIPLE','9,00',1295);
INSERT INTO bier VALUES(1148,'HERTOG JAN TRIPLE','ALE, BELGIAN','TRIPLE','8,50',703);
INSERT INTO bier VALUES(1149,'LA TRAPPE TRIPEL','ALE, BELGIAN','TRIPLE','8,00',1277);
INSERT INTO bier VALUES(1150,'BAJA TRIPLE','ALE, BELGIAN','TRIPLE','9,00',716);
INSERT INTO bier VALUES(1151,'GOLDEN MONKEY','ALE, BELGIAN','TRIPLE','9,50',1323);
INSERT INTO bier VALUES(1152,'DON DE DIEU','ALE, BELGIAN','TRIPLE/BLANCHE','9,00',1295);
INSERT INTO bier VALUES(1153,'DOPPELHOPFEN HELL','ALE, BELGIAN','','3,80',779);
INSERT INTO bier VALUES(1154,'ALDEGONDE','ALE, BELGIAN','','8,50',1084);
INSERT INTO bier VALUES(1155,'ARTEVELDE GRAND CRU','ALE, BELGIAN','','6,70',994);
INSERT INTO bier VALUES(1156,'AUGUSTIJN','ALE, BELGIAN','','8,00',748);
INSERT INTO bier VALUES(1157,'BLONDINE','ALE, BELGIAN','','9,00',842);
INSERT INTO bier VALUES(1158,'BRIGAND','ALE, BELGIAN','','9,00',1314);
INSERT INTO bier VALUES(1159,'BRUNEHAUT TRADITION','ALE, BELGIAN','','6,50',788);
INSERT INTO bier VALUES(1160,'BRUNEHAUT VILLAGES','ALE, BELGIAN','','6,50',788);
INSERT INTO bier VALUES(1161,'BRUNETTE','ALE, BELGIAN','','9,00',842);
INSERT INTO bier VALUES(1162,'BUSH 7','ALE, BELGIAN','','7,00',877);
INSERT INTO bier VALUES(1163,'CINEY BRUNE','ALE, BELGIAN','','7,00',1298);
INSERT INTO bier VALUES(1164,'CINEY SPECIALE','ALE, BELGIAN','','9,00',1298);
INSERT INTO bier VALUES(1165,'CUVEE DE L''ERMITAGE','ALE, BELGIAN','','5,00',1298);
INSERT INTO bier VALUES(1166,'DE BROGNE BLONDE','ALE, BELGIAN','','5,00',855);
INSERT INTO bier VALUES(1167,'DOUBLE ENGHIEN','ALE, BELGIAN','','8,00',1217);
INSERT INTO bier VALUES(1168,'DUVEL BRUNE','ALE, BELGIAN','','5,00',1090);
INSERT INTO bier VALUES(1169,'FIREFOX','ALE, BELGIAN','','7,00',994);
INSERT INTO bier VALUES(1170,'FORMULA ANT. RENOVATA','ALE, BELGIAN','','10,00',853);
INSERT INTO bier VALUES(1171,'GAULOISE','ALE, BELGIAN','','8,20',874);
INSERT INTO bier VALUES(1172,'GAULOISE BLONDE','ALE, BELGIAN','','7,00',874);
INSERT INTO bier VALUES(1173,'GAULOISE BRUNE','ALE, BELGIAN','','8,50',874);
INSERT INTO bier VALUES(1174,'GILDENBIER','ALE, BELGIAN','','7,00',951);
INSERT INTO bier VALUES(1175,'GOUDEN CAROLUS','ALE, BELGIAN','','7,40',978);
INSERT INTO bier VALUES(1176,'GOUDEN CAROLUS AMBRIO','ALE, BELGIAN','','6,50',978);
INSERT INTO bier VALUES(1177,'GRAND MONARQUE','ALE, BELGIAN','','8,40',874);
INSERT INTO bier VALUES(1178,'HELLEKETERBIER','ALE, BELGIAN','','7,00',837);
INSERT INTO bier VALUES(1179,'HOEGAARDS GRAND CRU','ALE, BELGIAN','','8,70',845);
INSERT INTO bier VALUES(1180,'HOTTEUSE-BIERE DE CHINY','ALE, BELGIAN','','8,00',851);
INSERT INTO bier VALUES(1181,'HY CUVEE','ALE, BELGIAN','','11,00',748);
INSERT INTO bier VALUES(1182,'HY SUPER','ALE, BELGIAN','','11,00',748);
INSERT INTO bier VALUES(1183,'IL FRUTTO PROIBITO','ALE, BELGIAN','','8,00',845);
INSERT INTO bier VALUES(1184,'JAN VAN GENT','ALE, BELGIAN','','5,50',1055);
INSERT INTO bier VALUES(1185,'KNIGHT''S ALE','ALE, BELGIAN','','6,00',874);
INSERT INTO bier VALUES(1186,'LA CHOUFFE','ALE, BELGIAN','','8,00',1034);
INSERT INTO bier VALUES(1187,'LA RESERVE DE L''ABBESSE','ALE, BELGIAN','','7,60',1248);
INSERT INTO bier VALUES(1188,'L''ECUME DES JOURS','ALE, BELGIAN','','7,00',788);
INSERT INTO bier VALUES(1189,'LEFFE BLONDE','ALE, BELGIAN','','6,00',1064);
INSERT INTO bier VALUES(1190,'LEFFE BRUNE','ALE, BELGIAN','','6,20',1064);
INSERT INTO bier VALUES(1191,'LEFFE ROSSA','ALE, BELGIAN','','6,50',1064);
INSERT INTO bier VALUES(1192,'LIVING 6.3','ALE, BELGIAN','','6,30',748);
INSERT INTO bier VALUES(1193,'MAREDSOUS 6','ALE, BELGIAN','','6,80',1090);
INSERT INTO bier VALUES(1194,'OERBIER','ALE, BELGIAN','','7,50',840);
INSERT INTO bier VALUES(1195,'OREGON RODEO BEER','ALE, BELGIAN','','4,30',1248);
INSERT INTO bier VALUES(1196,'ORVAL','ALE, BELGIAN','','5,70',1278);
INSERT INTO bier VALUES(1197,'PAUWEL KWACK','ALE, BELGIAN','','5,00',764);
INSERT INTO bier VALUES(1198,'PETRUS WINTERBIER','ALE, BELGIAN','','6,50',731);
INSERT INTO bier VALUES(1199,'POPERINGS HOMMEL BIER','ALE, BELGIAN','','7,50',1313);
INSERT INTO bier VALUES(1200,'QUINTINE','ALE, BELGIAN','','8,00',890);
INSERT INTO bier VALUES(1201,'QUINTINE AMBREE','ALE, BELGIAN','','8,50',890);
INSERT INTO bier VALUES(1202,'RED LION','ALE, BELGIAN','','5,00',1298);
INSERT INTO bier VALUES(1203,'REGAL CHRISTMAS','ALE, BELGIAN','','9,00',874);
INSERT INTO bier VALUES(1204,'ROCHEFORTOISE WINTER','ALE, BELGIAN','','12,00',1170);
INSERT INTO bier VALUES(1205,'STILLE NACHT','ALE, BELGIAN','','9,00',840);
INSERT INTO bier VALUES(1206,'STRAFFE HENDRIK','ALE, BELGIAN','','6,50',1253);
INSERT INTO bier VALUES(1207,'SUPER DES FAGNES','ALE, BELGIAN','','8,00',1047);
INSERT INTO bier VALUES(1208,'TER DOLEN','ALE, BELGIAN','','6,00',867);
INSERT INTO bier VALUES(1209,'TONGERLO','ALE, BELGIAN','','6,00',951);
INSERT INTO bier VALUES(1210,'UIZET','ALE, BELGIAN','','6,80',1126);
INSERT INTO bier VALUES(1211,'VAL-DIEU AMBREE','ALE, BELGIAN','','7,00',1308);
INSERT INTO bier VALUES(1212,'WAASE WOLF','ALE, BELGIAN','','6,50',760);
INSERT INTO bier VALUES(1213,'WALLONIE','ALE, BELGIAN','','9,50',706);
INSERT INTO bier VALUES(1214,'XX BITTER','ALE, BELGIAN','','6,20',849);
INSERT INTO bier VALUES(1215,'LA GALLIARDE','ALE, BELGIAN','','5,00',1295);
INSERT INTO bier VALUES(1216,'ALPHAND AMBREE','ALE, BELGIAN','','5,00',695);
INSERT INTO bier VALUES(1217,'FELIBREE','ALE, BELGIAN','','5,00',801);
INSERT INTO bier VALUES(1218,'LA CORNUE BLONDE','ALE, BELGIAN','','6,50',1036);
INSERT INTO bier VALUES(1219,'LA CORNUE BRUNE','ALE, BELGIAN','','7,70',1036);
INSERT INTO bier VALUES(1220,'LA FRAICHE DE L''AUNELLE','ALE, BELGIAN','','5,50',879);
INSERT INTO bier VALUES(1221,'PELFORTH BRUNE','ALE, BELGIAN','','6,60',1134);
INSERT INTO bier VALUES(1222,'SPECIAL CHRISTMAS','ALE, BELGIAN','','5,00',940);
INSERT INTO bier VALUES(1223,'DUCKSTEIN','ALE, BELGIAN','','4,90',988);
INSERT INTO bier VALUES(1224,'BLONDE DU BALADIN','ALE, BELGIAN','','5,00',717);
INSERT INTO bier VALUES(1225,'BRIGHELLA','ALE, BELGIAN','','8,00',1043);
INSERT INTO bier VALUES(1226,'ELIXIR','ALE, BELGIAN','','10,00',717);
INSERT INTO bier VALUES(1227,'ESTASI','ALE, BELGIAN','','6,00',723);
INSERT INTO bier VALUES(1228,'GRAND CRU','ALE, BELGIAN','','7,50',753);
INSERT INTO bier VALUES(1229,'MARTESANA','ALE, BELGIAN','','4,20',750);
INSERT INTO bier VALUES(1230,'MONTESTELLA','ALE, BELGIAN','','5,50',1043);
INSERT INTO bier VALUES(1231,'PANIL AMBREE','ALE, BELGIAN','','6,50',1273);
INSERT INTO bier VALUES(1232,'PANIL ENHANCED','ALE, BELGIAN','','9,50',1273);
INSERT INTO bier VALUES(1233,'PORPORA','ALE, BELGIAN','','6,50',1043);
INSERT INTO bier VALUES(1234,'S. AMBROEUS','ALE, BELGIAN','','7,00',1043);
INSERT INTO bier VALUES(1235,'S.NICOLO''','ALE, BELGIAN','','6,00',821);
INSERT INTO bier VALUES(1236,'SUPER BALADIN','ALE, BELGIAN','','8,00',717);
INSERT INTO bier VALUES(1237,'YACHIYO GOLD ALE','ALE, BELGIAN','','4,00',1347);
INSERT INTO bier VALUES(1238,'ARCEN BOCK','ALE, BELGIAN','','6,50',703);
INSERT INTO bier VALUES(1239,'COLUMBUS','ALE, BELGIAN','','9,00',997);
INSERT INTO bier VALUES(1240,'HERTOG JAN BLOND','ALE, BELGIAN','','5,00',703);
INSERT INTO bier VALUES(1241,'HERTOG JAN GRAND PRESTIGE','ALE, BELGIAN','','10,00',703);
INSERT INTO bier VALUES(1242,'JOPEN HOPPENBIER','ALE, BELGIAN','','6,80',952);
INSERT INTO bier VALUES(1243,'MERCK TOCH HOE STERK','ALE, BELGIAN','','8,50',1201);
INSERT INTO bier VALUES(1244,'NEERLANDS ALE 21','ALE, BELGIAN','','8,50',1073);
INSERT INTO bier VALUES(1245,'OUD LIMBOURGS','ALE, BELGIAN','','6,00',703);
INSERT INTO bier VALUES(1246,'STRANDGAPER','ALE, BELGIAN','','6,20',1201);
INSERT INTO bier VALUES(1247,'STRUIS','ALE, BELGIAN','','9,00',997);
INSERT INTO bier VALUES(1248,'BIPLANO','ALE, BELGIAN','','5,00',1110);
INSERT INTO bier VALUES(1249,'LA TORPILLE','ALE, BELGIAN','','7,50',767);
INSERT INTO bier VALUES(1250,'BLANCHEE','ALE, BELGIAN','','5,00',1131);
INSERT INTO bier VALUES(1251,'IMMORT''ALE','ALE, BELGIAN','','11,00',865);
INSERT INTO bier VALUES(1252,'ST. THOMAS BRAU','ALE/LAGER H','ALT','4,60',779);
INSERT INTO bier VALUES(1253,'ACTIEN ALT','ALE/LAGER H','ALT','5,00',869);
INSERT INTO bier VALUES(1254,'DIEBELS ALT','ALE/LAGER H','ALT','5,00',862);
INSERT INTO bier VALUES(1255,'EDER PRIVAT ALT','ALE/LAGER H','ALT','5,00',881);
INSERT INTO bier VALUES(1256,'GAMBRINUS ALT','ALE/LAGER H','ALT','5,50',928);
INSERT INTO bier VALUES(1257,'GATZWEILERS ALT','ALE/LAGER H','ALT','5,00',930);
INSERT INTO bier VALUES(1258,'HANNEN ALT','ALE/LAGER H','ALT','5,00',957);
INSERT INTO bier VALUES(1259,'KAISERDOM ALT RUBIN','ALE/LAGER H','ALT','5,00',791);
INSERT INTO bier VALUES(1260,'KUR ALT','ALE/LAGER H','ALT','5,00',1031);
INSERT INTO bier VALUES(1261,'KUTSCHER ALT','ALE/LAGER H','ALT','5,00',747);
INSERT INTO bier VALUES(1262,'SCHLOSSER ALT','ALE/LAGER H','ALT','5,00',871);
INSERT INTO bier VALUES(1263,'UERIGE ALT','ALE/LAGER H','ALT','4,50',1293);
INSERT INTO bier VALUES(1264,'WETZLARER ALT','ALE/LAGER H','ALT','5,00',897);
INSERT INTO bier VALUES(1265,'KYOTO ALT','ALE/LAGER H','ALT','5,00',1032);
INSERT INTO bier VALUES(1266,'SCHAFLY ALTBIER','ALE/LAGER H','ALT','5,00',1199);
INSERT INTO bier VALUES(1267,'FRUH''S ECHT KOLSCH','ALE/LAGER H','KOLSCH','5,00',923);
INSERT INTO bier VALUES(1268,'GAFFEL KOLSCH','ALE/LAGER H','KOLSCH','5,00',926);
INSERT INTO bier VALUES(1269,'GARDE KOLSCH','ALE/LAGER H','KOLSCH','5,00',929);
INSERT INTO bier VALUES(1270,'KUPPERS KOLSCH','ALE/LAGER H','KOLSCH','4,60',1030);
INSERT INTO bier VALUES(1271,'MALZMUHLE KOLSCH','ALE/LAGER H','KOLSCH','5,00',1071);
INSERT INTO bier VALUES(1272,'PAFFGEN KOLSCH','ALE/LAGER H','KOLSCH','5,00',1127);
INSERT INTO bier VALUES(1273,'SION KOLSCH','ALE/LAGER H','KOLSCH','5,00',1220);
INSERT INTO bier VALUES(1274,'RODERSCH','ALE/LAGER H','KOLSCH','5,00',745);
INSERT INTO bier VALUES(1275,'KOLSCH','ALE/LAGER H','KOLSCH','5,00',936);
INSERT INTO bier VALUES(1276,'ANCHOR STEAM BEER','ALE/LAGER H','STEAM','5,00',699);
INSERT INTO bier VALUES(1277,'OLD FAITHFUL','ALE/LAGER H','STEAM','5,50',967);
INSERT INTO bier VALUES(1278,'SIR HENRY''S STOUT','STOUT & POR','DRY','5,20',779);
INSERT INTO bier VALUES(1279,'BLACK BOWLER LONDON','STOUT & POR','DRY','5,00',1332);
INSERT INTO bier VALUES(1280,'DEEP SHAFT STOUT','STOUT & POR','DRY','6,20',921);
INSERT INTO bier VALUES(1281,'DOROTHY GOODBODY WHOLESOME','STOUT & POR','DRY','4,60',1344);
INSERT INTO bier VALUES(1282,'ENTIRE STOUT','STOUT & POR','DRY','4,40',990);
INSERT INTO bier VALUES(1283,'LIQUORICE STOUT','STOUT & POR','DRY','6,00',1272);
INSERT INTO bier VALUES(1284,'NEW QUAY STEAM STOUT','STOUT & POR','DRY','5,40',829);
INSERT INTO bier VALUES(1285,'NOURISHING STOUT','STOUT & POR','DRY','4,00',927);
INSERT INTO bier VALUES(1286,'O''HANLONS PORT STOUT','STOUT & POR','DRY','4,80',1107);
INSERT INTO bier VALUES(1287,'OYSTER STOUT','STOUT & POR','DRY','4,50',1074);
INSERT INTO bier VALUES(1288,'S. SMITH''S EXTRA STOUT','STOUT & POR','DRY','4,10',1191);
INSERT INTO bier VALUES(1289,'SHOREDITCH STOUT','STOUT & POR','DRY','4,00',1143);
INSERT INTO bier VALUES(1290,'TITANIC STOUT','STOUT & POR','DRY','4,50',1271);
INSERT INTO bier VALUES(1291,'WHITBREAD EXTRA STOUT','STOUT & POR','DRY','5,00',1332);
INSERT INTO bier VALUES(1292,'WOLF STOUT','STOUT & POR','DRY','4,80',1336);
INSERT INTO bier VALUES(1293,'ALPHAND STOUT','STOUT & POR','DRY','5,00',695);
INSERT INTO bier VALUES(1294,'DARK DE TRIOMPHE','STOUT & POR','DRY','5,00',1262);
INSERT INTO bier VALUES(1295,'BEAMISH STOUT','STOUT & POR','DRY','5,00',732);
INSERT INTO bier VALUES(1296,'BROADFORK STOUT','STOUT & POR','DRY','3,60',1136);
INSERT INTO bier VALUES(1297,'CAFFREY''S STOUT','STOUT & POR','DRY','6,00',796);
INSERT INTO bier VALUES(1298,'D''ARCY''S STOUT','STOUT & POR','DRY','4,70',876);
INSERT INTO bier VALUES(1299,'GUINNESS COOL CASK','STOUT & POR','DRY','4,20',946);
INSERT INTO bier VALUES(1300,'GUINNESS DRAUGHT','STOUT & POR','DRY','5,00',946);
INSERT INTO bier VALUES(1301,'GUINNESS EXTRA STOUT','STOUT & POR','DRY','4,20',946);
INSERT INTO bier VALUES(1302,'MURPHY''S STOUT','STOUT & POR','DRY','5,00',1097);
INSERT INTO bier VALUES(1303,'O''HARA','STOUT & POR','DRY','4,30',805);
INSERT INTO bier VALUES(1304,'OYSTER STOUT','STOUT & POR','DRY','4,80',1149);
INSERT INTO bier VALUES(1305,'WRASSLER''S XXXX','STOUT & POR','DRY','5,00',1149);
INSERT INTO bier VALUES(1306,'BRUNE DU BALADIN','STOUT & POR','DRY','4,90',717);
INSERT INTO bier VALUES(1307,'GILLESPIE','STOUT & POR','DRY','4,00',1208);
INSERT INTO bier VALUES(1308,'TENNENT''S STOUT','STOUT & POR','DRY','5,00',1259);
INSERT INTO bier VALUES(1309,'CABLE CAR STOUT','STOUT & POR','DRY','5,00',692);
INSERT INTO bier VALUES(1310,'HAWK STOUT','STOUT & POR','DRY','5,20',1082);
INSERT INTO bier VALUES(1311,'MAPLE STOUT','STOUT & POR','DRY','5,00',1180);
INSERT INTO bier VALUES(1312,'POG NO THON','STOUT & POR','DRY','6,00',722);
INSERT INTO bier VALUES(1313,'RILEY''S STOUT','STOUT & POR','DRY','5,00',1131);
INSERT INTO bier VALUES(1314,'SARANAC BLACK AND TAN','STOUT & POR','DRY','5,10',1076);
INSERT INTO bier VALUES(1315,'SHAKESPEARE STOUT','STOUT & POR','DRY','6,00',1173);
INSERT INTO bier VALUES(1316,'TERMINAL STOUT','STOUT & POR','DRY','5,00',1171);
INSERT INTO bier VALUES(1317,'DOUBLE BLACK STOUT','STOUT & POR','DRY/COFFEE','6,80',1159);
INSERT INTO bier VALUES(1318,'GUINNESS FOREIGN','STOUT & POR','FOREIGN','7,50',946);
INSERT INTO bier VALUES(1319,'GUINNESS SPECIAL EXPORT','STOUT & POR','FOREIGN','8,00',946);
INSERT INTO bier VALUES(1320,'KIRIN STOUT','STOUT & POR','FOREIGN','8,00',1019);
INSERT INTO bier VALUES(1321,'ABC STOUT','STOUT & POR','FOREIGN','8,10',710);
INSERT INTO bier VALUES(1322,'EXPORT STOUT','STOUT & POR','IMPERIAL','9,00',840);
INSERT INTO bier VALUES(1323,'HERCULE STOUT','STOUT & POR','IMPERIAL','9,00',890);
INSERT INTO bier VALUES(1324,'PERNSTEJN PORTER','STOUT & POR','IMPERIAL','8,00',1138);
INSERT INTO bier VALUES(1325,'ALBANI PORTER','STOUT & POR','IMPERIAL','7,80',691);
INSERT INTO bier VALUES(1326,'CERES STOUT','STOUT & POR','IMPERIAL','7,70',813);
INSERT INTO bier VALUES(1327,'IMPERIAL STOUT','STOUT & POR','IMPERIAL','7,80',806);
INSERT INTO bier VALUES(1328,'LIMFJORD PORTER','STOUT & POR','IMPERIAL','5,00',1304);
INSERT INTO bier VALUES(1329,'PORTER DOUBLE STOUT','STOUT & POR','IMPERIAL','5,00',1290);
INSERT INTO bier VALUES(1330,'WIBROE IMPERIAL STOUT','STOUT & POR','IMPERIAL','5,00',1333);
INSERT INTO bier VALUES(1331,'1792 IMPERIAL STOUT','STOUT & POR','IMPERIAL','9,30',1143);
INSERT INTO bier VALUES(1332,'IMPERIAL RUSSIAN STOUT','STOUT & POR','IMPERIAL','9,50',832);
INSERT INTO bier VALUES(1333,'OLD BARLEY IMPERIAL','STOUT & POR','IMPERIAL','5,40',725);
INSERT INTO bier VALUES(1334,'SMITH''S IMPERIAL STOUT','STOUT & POR','IMPERIAL','7,00',1191);
INSERT INTO bier VALUES(1335,'SUSSEX IMPERIAL STOUT','STOUT & POR','IMPERIAL','5,00',1018);
INSERT INTO bier VALUES(1336,'ARCENER STOUT','STOUT & POR','IMPERIAL','6,50',703);
INSERT INTO bier VALUES(1337,'SKOL EXTRA STOUT','STOUT & POR','IMPERIAL','5,00',1222);
INSERT INTO bier VALUES(1338,'BALTIKA PORTER','STOUT & POR','IMPERIAL','7,00',720);
INSERT INTO bier VALUES(1339,'ZYWIEC PORTER','STOUT & POR','IMPERIAL','9,30',1354);
INSERT INTO bier VALUES(1340,'LION STOUT','STOUT & POR','IMPERIAL','8,00',818);
INSERT INTO bier VALUES(1341,'ALMOND IMPERIAL STOUT','STOUT & POR','IMPERIAL','9,00',722);
INSERT INTO bier VALUES(1342,'EXPEDITION STOUT','STOUT & POR','IMPERIAL','10,00',740);
INSERT INTO bier VALUES(1343,'GRANT''S IMPERIAL STOUT','STOUT & POR','IMPERIAL','6,70',1348);
INSERT INTO bier VALUES(1344,'IMPERIAL STOUT','STOUT & POR','IMPERIAL','11,80',1173);
INSERT INTO bier VALUES(1345,'LEFT HAND IMPERIAL STOUT','STOUT & POR','IMPERIAL','10,40',1053);
INSERT INTO bier VALUES(1346,'OLD RASPUTIN','STOUT & POR','IMPERIAL','8,90',1106);
INSERT INTO bier VALUES(1347,'WORLD WIDE STOUT','STOUT & POR','IMPERIAL','8,00',866);
INSERT INTO bier VALUES(1348,'SMITH''S OATMEAL STOUT','STOUT & POR','OATMEAL','4,50',1191);
INSERT INTO bier VALUES(1349,'YOUNG''S OATMEAL STOUT','STOUT & POR','OATMEAL','5,00',1349);
INSERT INTO bier VALUES(1350,'OATMEAL STOUT','STOUT & POR','OATMEAL','5,00',1089);
INSERT INTO bier VALUES(1351,'OATMEAL STOUT','STOUT & POR','OATMEAL','4,20',787);
INSERT INTO bier VALUES(1352,'BARNEY FLATS','STOUT & POR','OATMEAL','6,00',700);
INSERT INTO bier VALUES(1353,'BILGEWATER STOUT','STOUT & POR','OATMEAL','5,00',1245);
INSERT INTO bier VALUES(1354,'FARMER JOE''S','STOUT & POR','OATMEAL','6,00',967);
INSERT INTO bier VALUES(1355,'FOUR PEAKS OATMEAL STOUT','STOUT & POR','OATMEAL','5,00',918);
INSERT INTO bier VALUES(1356,'STOUT OF CIRCUMSTANCE','STOUT & POR','OATMEAL','6,00',1068);
INSERT INTO bier VALUES(1357,'UPTOWN STOUT','STOUT & POR','OATMEAL','5,00',1303);
INSERT INTO bier VALUES(1358,'WOLAVERS OATMEAL STOUT','STOUT & POR','OATMEAL','5,00',1123);
INSERT INTO bier VALUES(1359,'1850 LONDON PORTER','STOUT & POR','PORTER','5,00',1143);
INSERT INTO bier VALUES(1360,'ALBION PORTER','STOUT & POR','PORTER','4,80',1074);
INSERT INTO bier VALUES(1361,'DOGBOLTER','STOUT & POR','PORTER','5,60',908);
INSERT INTO bier VALUES(1362,'FLAG PORTER','STOUT & POR','PORTER','5,00',889);
INSERT INTO bier VALUES(1363,'HONEY PORTER','STOUT & POR','PORTER','4,90',939);
INSERT INTO bier VALUES(1364,'LIQUORICE PORTER','STOUT & POR','PORTER','5,00',1143);
INSERT INTO bier VALUES(1365,'LONDON PORTER','STOUT & POR','PORTER','4,50',924);
INSERT INTO bier VALUES(1366,'OLD SLUG PORTER','STOUT & POR','PORTER','4,50',1158);
INSERT INTO bier VALUES(1367,'ORIGINAL PORTER','STOUT & POR','PORTER','5,20',1212);
INSERT INTO bier VALUES(1368,'PORTER','STOUT & POR','PORTER','5,00',1305);
INSERT INTO bier VALUES(1369,'TADDY PORTER','STOUT & POR','PORTER','4,60',1191);
INSERT INTO bier VALUES(1370,'CONFINE','STOUT & POR','PORTER','6,00',745);
INSERT INTO bier VALUES(1371,'ANCHOR PORTER','STOUT & POR','PORTER','5,70',699);
INSERT INTO bier VALUES(1372,'BLACK''S BEACH','STOUT & POR','PORTER','5,00',1112);
INSERT INTO bier VALUES(1373,'GRAVEYARD PORTER','STOUT & POR','PORTER','5,40',722);
INSERT INTO bier VALUES(1374,'HONEY PORTER','STOUT & POR','PORTER','5,00',967);
INSERT INTO bier VALUES(1375,'HUDSON PORTER','STOUT & POR','PORTER','5,10',824);
INSERT INTO bier VALUES(1376,'MC GUIRE''S PLAIN PORTER','STOUT & POR','PORTER','4,30',1079);
INSERT INTO bier VALUES(1377,'NOT TONIGHT HONEY PORTER','STOUT & POR','PORTER','6,50',967);
INSERT INTO bier VALUES(1378,'POINT LOMA PORTER','STOUT & POR','PORTER','5,00',830);
INSERT INTO bier VALUES(1379,'ROAD DOG','STOUT & POR','PORTER','5,40',913);
INSERT INTO bier VALUES(1380,'SIERRA NEVADA PORTER','STOUT & POR','PORTER','5,60',1215);
INSERT INTO bier VALUES(1381,'UNCLE DUDLEY''S PERCOLATOR','STOUT & POR','PORTER','5,90',933);
INSERT INTO bier VALUES(1382,'BUFFALO','STOUT & POR','SWEET','6,50',1311);
INSERT INTO bier VALUES(1383,'WILSON MILD STOUT','STOUT & POR','SWEET','5,00',748);
INSERT INTO bier VALUES(1384,'DOUBLE CHOCOLATE','STOUT & POR','SWEET','5,00',1349);
INSERT INTO bier VALUES(1385,'MACKESON','STOUT & POR','SWEET','5,00',1332);
INSERT INTO bier VALUES(1386,'VELVET STOUT','STOUT & POR','SWEET','5,00',832);
INSERT INTO bier VALUES(1387,'PORTER 39','STOUT & POR','SWEET','6,90',1300);
INSERT INTO bier VALUES(1388,'VIA LATTEA','STOUT & POR','SWEET','4,00',754);
INSERT INTO bier VALUES(1389,'MAC CALLUM''S STOUT','STOUT & POR','SWEET','4,10',736);
INSERT INTO bier VALUES(1390,'SWEETHEARTH STOUT','STOUT & POR','SWEET','5,00',1259);
INSERT INTO bier VALUES(1391,'WINSTON SWEET STOUT','STOUT & POR','SWEET','5,00',736);
INSERT INTO bier VALUES(1392,'YOUNGER''S SWEET STOUT','STOUT & POR','SWEET','5,00',1208);
INSERT INTO bier VALUES(1393,'BANDERSNATCH SWEET STOUT','STOUT & POR','SWEET','6,00',722);
INSERT INTO bier VALUES(1394,'BERLINER WEISSE','WHEAT (GRAN','BERLINER','2,50',1017);
INSERT INTO bier VALUES(1395,'KINDL BERLINER WEISSE','WHEAT (GRAN','BERLINER','5,00',1322);
INSERT INTO bier VALUES(1396,'BLANCHE DE BRUGES','WHEAT (GRAN','BLANCHE-WIT','5,00',841);
INSERT INTO bier VALUES(1397,'BLANCHE DE NAMUR','WHEAT (GRAN','BLANCHE-WIT','4,50',874);
INSERT INTO bier VALUES(1398,'BLANCHE DE NOEL','WHEAT (GRAN','BLANCHE-WIT','4,20',874);
INSERT INTO bier VALUES(1399,'BLANCHE DES HONNELLES','WHEAT (GRAN','BLANCHE-WIT','6,00',682);
INSERT INTO bier VALUES(1400,'DENTERGEM''S WITBIER','WHEAT (GRAN','BLANCHE-WIT','5,00',1168);
INSERT INTO bier VALUES(1401,'HOEGAARDS DAS','WHEAT (GRAN','BLANCHE-WIT','5,00',845);
INSERT INTO bier VALUES(1402,'HOEGAARDS WIT','WHEAT (GRAN','BLANCHE-WIT','5,00',845);
INSERT INTO bier VALUES(1403,'MEDITERRANEA','WHEAT (GRAN','BLANCHE-WIT','4,50',748);
INSERT INTO bier VALUES(1404,'OREGON WHITE BEER','WHEAT (GRAN','BLANCHE-WIT','5,50',1248);
INSERT INTO bier VALUES(1405,'SAISIS','WHEAT (GRAN','BLANCHE-WIT','6,20',890);
INSERT INTO bier VALUES(1406,'WATOU BLANCHE','WHEAT (GRAN','BLANCHE-WIT','5,00',1313);
INSERT INTO bier VALUES(1407,'BLANCHE DE CHAMBY','WHEAT (GRAN','BLANCHE-WIT','5,00',1295);
INSERT INTO bier VALUES(1408,'AIGUILLE BLANCHE','WHEAT (GRAN','BLANCHE-WIT','5,00',820);
INSERT INTO bier VALUES(1409,'ALPHAND BLANCHE','WHEAT (GRAN','BLANCHE-WIT','5,00',695);
INSERT INTO bier VALUES(1410,'AMADEUS','WHEAT (GRAN','BLANCHE-WIT','4,50',892);
INSERT INTO bier VALUES(1411,'BRITT BLANCHE','WHEAT (GRAN','BLANCHE-WIT','5,40',785);
INSERT INTO bier VALUES(1412,'COLOMBA','WHEAT (GRAN','BLANCHE-WIT','5,00',1141);
INSERT INTO bier VALUES(1413,'LA CORNUE BLANCHE','WHEAT (GRAN','BLANCHE-WIT','6,10',1036);
INSERT INTO bier VALUES(1414,'TOURMENTE BLANCHE','WHEAT (GRAN','BLANCHE-WIT','5,00',941);
INSERT INTO bier VALUES(1415,'ISAAC','WHEAT (GRAN','BLANCHE-WIT','4,60',717);
INSERT INTO bier VALUES(1416,'PANADA','WHEAT (GRAN','BLANCHE-WIT','4,50',1287);
INSERT INTO bier VALUES(1417,'OUWE DAEN WIT','WHEAT (GRAN','BLANCHE-WIT','5,00',1306);
INSERT INTO bier VALUES(1418,'WIECKSE WITTE','WHEAT (GRAN','BLANCHE-WIT','5,00',850);
INSERT INTO bier VALUES(1419,'HARVIESTOUN BELGIAN WHITE','WHEAT (GRAN','BLANCHE-WIT','4,30',965);
INSERT INTO bier VALUES(1420,'LA SALAMANDRE','WHEAT (GRAN','BLANCHE-WIT','5,50',767);
INSERT INTO bier VALUES(1421,'BLANCHE DE BROOKLIN','WHEAT (GRAN','BLANCHE-WIT','4,50',786);
INSERT INTO bier VALUES(1422,'CELIS WHITE','WHEAT (GRAN','BLANCHE-WIT','5,00',810);
INSERT INTO bier VALUES(1423,'PENTAMAX','WHEAT (GRAN','DARK WIT','6,00',1078);
INSERT INTO bier VALUES(1424,'AVENTINUS','WHEAT (GRAN','DUNKELWEIZE','7,80',1205);
INSERT INTO bier VALUES(1425,'EKU HEFE-WEISS DUNKEL','WHEAT (GRAN','DUNKELWEIZE','5,10',895);
INSERT INTO bier VALUES(1426,'HOPF DUNKLE','WHEAT (GRAN','DUNKELWEIZE','5,00',958);
INSERT INTO bier VALUES(1427,'PAULANER WEISS DUNKEL','WHEAT (GRAN','DUNKELWEIZE','5,30',1133);
INSERT INTO bier VALUES(1428,'ROSENWEIZEN','WHEAT (GRAN','DUNKELWEIZE','5,00',1177);
INSERT INTO bier VALUES(1429,'SCHLOSSWEISSE (DUNKLES)','WHEAT (GRAN','DUNKELWEIZE','4,80',1204);
INSERT INTO bier VALUES(1430,'SCHWARZE WEISSE','WHEAT (GRAN','DUNKELWEIZE','5,10',984);
INSERT INTO bier VALUES(1431,'VUDU''','WHEAT (GRAN','DUNKELWEIZE','5,50',753);
INSERT INTO bier VALUES(1432,'EDELWEISS HEFETRUB','WHEAT (GRAN','WEIZE','5,50',1013);
INSERT INTO bier VALUES(1433,'GOSSER WEISSE','WHEAT (GRAN','WEIZE','5,00',1246);
INSERT INTO bier VALUES(1434,'WEIZENGOLD (CHAMPAGNER)','WHEAT (GRAN','WEIZE','5,50',1007);
INSERT INTO bier VALUES(1435,'WEIZENGOLD (HEFE)','WHEAT (GRAN','WEIZE','5,00',1007);
INSERT INTO bier VALUES(1436,'FREEDOM WHEAT','WHEAT (GRAN','WEIZE','5,00',920);
INSERT INTO bier VALUES(1437,'ABT ANDREAS','WHEAT (GRAN','WEIZE','4,90',991);
INSERT INTO bier VALUES(1438,'ARCOBRAU URWEISSE','WHEAT (GRAN','WEIZE','5,30',704);
INSERT INTO bier VALUES(1439,'AYINGER WEISSE','WHEAT (GRAN','WEIZE','5,00',713);
INSERT INTO bier VALUES(1440,'BRINKUS WEIZEN','WHEAT (GRAN','WEIZE','5,00',784);
INSERT INTO bier VALUES(1441,'DEININGER HEFE-WEISSB.','WHEAT (GRAN','WEIZE','5,10',858);
INSERT INTO bier VALUES(1442,'EKU HEFE-WEIZEN','WHEAT (GRAN','WEIZE','5,00',895);
INSERT INTO bier VALUES(1443,'ERDINGER WEISSBIER','WHEAT (GRAN','WEIZE','5,30',894);
INSERT INTO bier VALUES(1444,'FRANZISKANER','WHEAT (GRAN','WEIZE','5,00',1229);
INSERT INTO bier VALUES(1445,'GAMBRINUS WEIZEN','WHEAT (GRAN','WEIZE','5,50',928);
INSERT INTO bier VALUES(1446,'HACKER-PSCHORR WEISSE','WHEAT (GRAN','WEIZE','5,50',954);
INSERT INTO bier VALUES(1447,'HB WEIZEN','WHEAT (GRAN','WEIZE','5,20',984);
INSERT INTO bier VALUES(1448,'HUBER WEISS','WHEAT (GRAN','WEIZE','5,00',985);
INSERT INTO bier VALUES(1449,'MAISEL WEISSE','WHEAT (GRAN','WEIZE','5,70',1070);
INSERT INTO bier VALUES(1450,'MOY HEFE-WEISSBIER','WHEAT (GRAN','WEIZE','5,30',985);
INSERT INTO bier VALUES(1451,'OBERDORFER WEISSBIER','WHEAT (GRAN','WEIZE','5,30',1189);
INSERT INTO bier VALUES(1452,'PAULANER HEFE-WEISSBIER','WHEAT (GRAN','WEIZE','5,40',1133);
INSERT INTO bier VALUES(1453,'PINKUS HEFE WEIZEN','WHEAT (GRAN','WEIZE','5,00',1142);
INSERT INTO bier VALUES(1454,'PRINTZREGENT LUITPOLD','WHEAT (GRAN','WEIZE','5,50',1012);
INSERT INTO bier VALUES(1455,'SAILER WEISSE','WHEAT (GRAN','WEIZE','5,00',1189);
INSERT INTO bier VALUES(1456,'SANWALD HEFE','WHEAT (GRAN','WEIZE','4,90',864);
INSERT INTO bier VALUES(1457,'SCHLOSSWEISSE (HELLES)','WHEAT (GRAN','WEIZE','4,80',1204);
INSERT INTO bier VALUES(1458,'SCHNEIDER WEISSE','WHEAT (GRAN','WEIZE','5,50',1205);
INSERT INTO bier VALUES(1459,'SHOFFERHOFER WEIZEN','WHEAT (GRAN','WEIZE','5,00',1214);
INSERT INTO bier VALUES(1460,'TRIFTERN WEIZE','WHEAT (GRAN','WEIZE','5,50',1285);
INSERT INTO bier VALUES(1461,'UNERTL WEISSBIER','WHEAT (GRAN','WEIZE','4,70',1294);
INSERT INTO bier VALUES(1462,'VALENTINUS HEFE WEIZEN','WHEAT (GRAN','WEIZE','5,50',969);
INSERT INTO bier VALUES(1463,'WEIHENSTEPHAN','WHEAT (GRAN','WEIZE','5,40',1328);
INSERT INTO bier VALUES(1464,'WEISSBRAU HEFEWEIZEN','WHEAT (GRAN','WEIZE','5,00',778);
INSERT INTO bier VALUES(1465,'WEIZEN PREMIUM','WHEAT (GRAN','WEIZE','5,10',1163);
INSERT INTO bier VALUES(1466,'WEIZENLAND','WHEAT (GRAN','WEIZE','5,10',1011);
INSERT INTO bier VALUES(1467,'WELTENBURGER KLOSTER','WHEAT (GRAN','WEIZE','5,10',1329);
INSERT INTO bier VALUES(1468,'ALBA','WHEAT (GRAN','WEIZE','4,50',714);
INSERT INTO bier VALUES(1469,'BI-WEIZEN','WHEAT (GRAN','WEIZE','5,00',753);
INSERT INTO bier VALUES(1470,'CITTAVECCHIA WEIZEN','WHEAT (GRAN','WEIZE','5,00',821);
INSERT INTO bier VALUES(1471,'DOMM','WHEAT (GRAN','WEIZE','5,30',1043);
INSERT INTO bier VALUES(1472,'LA FABBRICA WEIZE','WHEAT (GRAN','WEIZE','4,50',1037);
INSERT INTO bier VALUES(1473,'MICA','WHEAT (GRAN','WEIZE','4,50',938);
INSERT INTO bier VALUES(1474,'PUSTERTALER WEIZEN','WHEAT (GRAN','WEIZE','5,40',1154);
INSERT INTO bier VALUES(1475,'STELVIO WEISS','WHEAT (GRAN','WEIZE','4,50',1247);
INSERT INTO bier VALUES(1476,'WEISS!','WHEAT (GRAN','WEIZE','5,30',1240);
INSERT INTO bier VALUES(1477,'APPENZELLER WEIZEN','WHEAT (GRAN','WEIZE','5,20',1058);
INSERT INTO bier VALUES(1478,'CALANDA WEIZEN','WHEAT (GRAN','WEIZE','5,20',797);
INSERT INTO bier VALUES(1479,'OFFICINA WEIZEN','WHEAT (GRAN','WEIZE','5,20',1110);
INSERT INTO bier VALUES(1480,'HEFEWEIZEN','WHEAT (GRAN','WEIZE','5,00',1245);
INSERT INTO bier VALUES(1481,'WIND & SEA','WHEAT (GRAN','WEIZE','5,00',1038);
INSERT INTO bier VALUES(1482,'RUPERTUS WEIZENBOCK','WHEAT (GRAN','WEIZENBOCK','7,00',1302);
INSERT INTO bier VALUES(1483,'ST. MARTINI WEIZENBOCK','WHEAT (GRAN','WEIZENBOCK','5,00',977);
INSERT INTO bier VALUES(1484,'SPECIALE','WHEAT (GRAN','WEIZENBOCK','7,00',1111);
INSERT INTO bier VALUES(1485,'WEIZEN HEIMER','WHEAT (GRAN','WEIZENBOCK','9,20',933);
INSERT INTO bier VALUES(1486,'TITANIUM WHEAT','WHEAT (GRAN','WEIZENWINE','5,00',1245);
INSERT INTO bier VALUES(1487,'CURIM','WHEAT (GRAN','','4,30',805);
INSERT INTO bier VALUES(1488,'TALCO','WHEAT (GRAN','','4,20',733);
INSERT INTO bier VALUES(1489,'CASTA TRIGUERA','WHEAT (GRAN','','5,40',896);
INSERT INTO bier VALUES(1490,'CABOT STREET WHEAT','WHEAT (GRAN','','5,00',1131);
INSERT INTO bier VALUES(1491,'HOCUS POCUS','WHEAT (GRAN','','5,00',1067);
INSERT INTO bier VALUES(1492,'IRIS 1996','LAMBIC','BARLEY (ORZO)','5,00',802);
INSERT INTO bier VALUES(1493,'MORT SUBITE CASSIS','LAMBIC','CASSIS','3,50',843);
INSERT INTO bier VALUES(1494,'S. LOUIS CASSIS','LAMBIC','CASSIS','5,00',1314);
INSERT INTO bier VALUES(1495,'TIMMERMANS CASSIS','LAMBIC','CASSIS','5,50',1268);
INSERT INTO bier VALUES(1496,'LINDEMANS FARO LAMBIC','LAMBIC','FARO','5,00',1056);
INSERT INTO bier VALUES(1497,'CHAPEAU FRAISES','LAMBIC','FRAISES','3,00',857);
INSERT INTO bier VALUES(1498,'BECASSE FRAMBOISE','LAMBIC','FRAMBOISE','5,20',774);
INSERT INTO bier VALUES(1499,'BELLEVUE FRAMBOISE','LAMBIC','FRAMBOISE','5,20',739);
INSERT INTO bier VALUES(1500,'BOON FRAMBOISE','LAMBIC','FRAMBOISE','5,00',762);
INSERT INTO bier VALUES(1501,'BOON FRAMBOISE 1997','LAMBIC','FRAMBOISE','5,00',762);
INSERT INTO bier VALUES(1502,'CHAPEAU FRAMBOISE','LAMBIC','FRAMBOISE','5,00',857);
INSERT INTO bier VALUES(1503,'DE NEVE FRAMBOISE','LAMBIC','FRAMBOISE','5,00',847);
INSERT INTO bier VALUES(1504,'FRAMBOISE FOUDROYANTE','LAMBIC','FRAMBOISE','5,00',1056);
INSERT INTO bier VALUES(1505,'FRATER AMBROSIUS','LAMBIC','FRAMBOISE','5,00',902);
INSERT INTO bier VALUES(1506,'MORT SUBITE FRAMBOISE','LAMBIC','FRAMBOISE','4,50',843);
INSERT INTO bier VALUES(1507,'ROSE'' DE GAMBRINUS','LAMBIC','FRAMBOISE','5,00',802);
INSERT INTO bier VALUES(1508,'S. LOUIS FRAMBOISE','LAMBIC','FRAMBOISE','5,00',1314);
INSERT INTO bier VALUES(1509,'S. PIERRE FRAMBOISE','LAMBIC','FRAMBOISE','5,20',847);
INSERT INTO bier VALUES(1510,'VAN DER LINDEN FRAMBOZEN','LAMBIC','FRAMBOISE','7,00',1312);
INSERT INTO bier VALUES(1511,'VIGNERONNE','LAMBIC','GRAPE (UVA)','5,00',802);
INSERT INTO bier VALUES(1512,'3 FONTEINEN OUDE GEUZE','LAMBIC','GUEUZE','5,00',680);
INSERT INTO bier VALUES(1513,'BECASSE GUEUZE','LAMBIC','GUEUZE','5,00',774);
INSERT INTO bier VALUES(1514,'BELLEVUE GUEUZE LAMBIC','LAMBIC','GUEUZE','5,20',739);
INSERT INTO bier VALUES(1515,'CANTILLON GUEUZE','LAMBIC','GUEUZE','5,00',802);
INSERT INTO bier VALUES(1516,'DE CAM OUDE GEUZE','LAMBIC','GUEUZE','6,50',839);
INSERT INTO bier VALUES(1517,'GIRARDIN GUEUZE','LAMBIC','GUEUZE','5,00',935);
INSERT INTO bier VALUES(1518,'MORT SUBITE GUEUZE','LAMBIC','GUEUZE','5,00',843);
INSERT INTO bier VALUES(1519,'S. LOUIS GUEUZE','LAMBIC','GUEUZE','5,00',1314);
INSERT INTO bier VALUES(1520,'VIEUX BRUGES','LAMBIC','GUEUZE','5,00',1314);
INSERT INTO bier VALUES(1521,'BECASSE KRIEK','LAMBIC','KRIEK','5,20',774);
INSERT INTO bier VALUES(1522,'BELLEVUE KRIEK LAMBIC','LAMBIC','KRIEK','5,20',739);
INSERT INTO bier VALUES(1523,'BOON KRIEK','LAMBIC','KRIEK','5,00',762);
INSERT INTO bier VALUES(1524,'CANTILLON KRIEK','LAMBIC','KRIEK','5,00',802);
INSERT INTO bier VALUES(1525,'GIRARDIN KRIEK','LAMBIC','KRIEK','5,00',935);
INSERT INTO bier VALUES(1526,'HANSSENS OUDE KRIEK','LAMBIC','KRIEK','5,00',961);
INSERT INTO bier VALUES(1527,'LINDEMANS KRIEK','LAMBIC','KRIEK','6,00',1056);
INSERT INTO bier VALUES(1528,'LOU PEPE KRIEK','LAMBIC','KRIEK','5,00',802);
INSERT INTO bier VALUES(1529,'MORT SUBITE KRIEK','LAMBIC','KRIEK','5,00',843);
INSERT INTO bier VALUES(1530,'OUD BEERSEL OUDE KRIEK','LAMBIC','KRIEK','6,20',1124);
INSERT INTO bier VALUES(1531,'TIMMERMANS PECHE','LAMBIC','KRIEK','4,50',1268);
INSERT INTO bier VALUES(1532,'CANTILLON LAMBIC','LAMBIC','LAMBIC','5,00',802);
INSERT INTO bier VALUES(1533,'GIRARDIN LAMBIC','LAMBIC','LAMBIC','5,00',935);
INSERT INTO bier VALUES(1534,'GRAND CRU BRUOCSELLA 1996','LAMBIC','LAMBIC','5,00',802);
INSERT INTO bier VALUES(1535,'DUIVELS','LAMBIC','LAMBIC+ALE','5,00',1312);
INSERT INTO bier VALUES(1536,'MORT SUBITE PECHE','LAMBIC','PECHE','4,00',843);
INSERT INTO bier VALUES(1537,'PECHERESSE','LAMBIC','PECHE','3,00',1056);
INSERT INTO bier VALUES(1538,'S. LOUIS PECHE','LAMBIC','PECHE','5,00',1314);
INSERT INTO bier VALUES(1539,'TIMMERMANS KRIEK','LAMBIC','PECHE','5,50',1268);
INSERT INTO bier VALUES(1540,'NORA','SPECIAL','ANCIENT EGYPTIAN','7,00',717);
INSERT INTO bier VALUES(1541,'APRICOT WEIZEN','SPECIAL','APRICOT WEIZE','5,00',1180);
INSERT INTO bier VALUES(1542,'PYRAMID APRICOT ALE','SPECIAL','APRICOT WEIZE','5,00',963);
INSERT INTO bier VALUES(1543,'BANANATAMA','SPECIAL','BANANA','6,00',681);
INSERT INTO bier VALUES(1544,'BRAMBLE STOUT','SPECIAL','BERRY STOUT','5,00',792);
INSERT INTO bier VALUES(1545,'BLUEBERRY ALE','SPECIAL','BLUEBERRY','3,60',920);
INSERT INTO bier VALUES(1546,'BOSBIER','SPECIAL','BLUEBERRY','4,50',1236);
INSERT INTO bier VALUES(1547,'BLUEBERRY','SPECIAL','BLUEBERRY','5,00',936);
INSERT INTO bier VALUES(1548,'MIKE''S SUMMERFEST','SPECIAL','BLUEBERRY WHEAT','5,00',1240);
INSERT INTO bier VALUES(1549,'CASSISSONA','SPECIAL','CASSIS','6,50',753);
INSERT INTO bier VALUES(1550,'CHOCOLATE CHERRY PORTER','SPECIAL','CHERRY PORTER','5,00',1303);
INSERT INTO bier VALUES(1551,'SAMUEL ADAMS CHERRY WHEAT','SPECIAL','CHERRY WHEAT','5,00',765);
INSERT INTO bier VALUES(1552,'LIEFMANS KRIEK','SPECIAL','CHERRY(CILIEGE)','7,10',1055);
INSERT INTO bier VALUES(1553,'''T SCHOENLAPPERTJE','SPECIAL','CHERRY(CILIEGE)','6,50',1201);
INSERT INTO bier VALUES(1554,'PIETRA 7','SPECIAL','CHESTNUT (CASTAGNA)','7,00',1141);
INSERT INTO bier VALUES(1555,'PIETRA BIERA CORSA','SPECIAL','CHESTNUT (CASTAGNA)','6,00',1141);
INSERT INTO bier VALUES(1556,'PIETRA NOEL','SPECIAL','CHESTNUT (CASTAGNA)','6,00',1141);
INSERT INTO bier VALUES(1557,'CASTAGNASCA','SPECIAL','CHESTNUT (CASTAGNA)','5,70',793);
INSERT INTO bier VALUES(1558,'CASTEGNA','SPECIAL','CHESTNUT (CASTAGNA)','5,00',1058);
INSERT INTO bier VALUES(1559,'CAVE CREEK CHILI BEER','SPECIAL','CHILI','4,70',757);
INSERT INTO bier VALUES(1560,'NERKENBERRY','SPECIAL','CHOCO/BERRY','3,00',912);
INSERT INTO bier VALUES(1561,'KRIEK DE RANKE','SPECIAL','CILIEGE','7,00',849);
INSERT INTO bier VALUES(1562,'MAMA KRIEK','SPECIAL','CILIEGE','5,80',717);
INSERT INTO bier VALUES(1563,'SCIRESONA','SPECIAL','CILIEGE','6,00',753);
INSERT INTO bier VALUES(1564,'FRAOCH','SPECIAL','ERICA','5,00',968);
INSERT INTO bier VALUES(1565,'CERVOGIA','SPECIAL','FARRO','7,50',750);
INSERT INTO bier VALUES(1566,'DUCHESSA','SPECIAL','FARRO','5,50',751);
INSERT INTO bier VALUES(1567,'BLOEMENBIER','SPECIAL','FIORI (FLOWERS)','7,00',848);
INSERT INTO bier VALUES(1568,'FLEURETTE','SPECIAL','FIORI (FLOWERS)','3,80',753);
INSERT INTO bier VALUES(1569,'RASPBERRY WHEAT','SPECIAL','FRAGOLE','5,00',692);
INSERT INTO bier VALUES(1570,'LIEFMANS FRAMBOISE','SPECIAL','FRAMBOISE','5,10',1055);
INSERT INTO bier VALUES(1571,'RASPBERRY TART','SPECIAL','FRAMBOISE','4,00',1104);
INSERT INTO bier VALUES(1572,'LA TOURMENTE GENEPY','SPECIAL','GENEPY','5,90',941);
INSERT INTO bier VALUES(1573,'EPI NOIR','SPECIAL','GRANO SARACENO','5,60',825);
INSERT INTO bier VALUES(1574,'PERBACCO','SPECIAL','GRAPE (UVA)','11,00',717);
INSERT INTO bier VALUES(1575,'GREEN ROCKY','SPECIAL','GREEN (VERDE)','5,00',1100);
INSERT INTO bier VALUES(1576,'BARBAR','SPECIAL','HONEY (MIELE)','5,00',1049);
INSERT INTO bier VALUES(1577,'BIERE DES OURS','SPECIAL','HONEY (MIELE)','9,00',1033);
INSERT INTO bier VALUES(1578,'ST. MONON AU MIEL','SPECIAL','HONEY (MIELE)','8,00',1237);
INSERT INTO bier VALUES(1579,'WAGGLE DANCE','SPECIAL','HONEY (MIELE)','5,00',1349);
INSERT INTO bier VALUES(1580,'APA','SPECIAL','HONEY (MIELE)','10,00',1284);
INSERT INTO bier VALUES(1581,'BIERE DE TOM','SPECIAL','HONEY (MIELE)','5,00',1096);
INSERT INTO bier VALUES(1582,'LE SOUCHET','SPECIAL','HONEY (MIELE)','6,00',879);
INSERT INTO bier VALUES(1583,'APE MAIA','SPECIAL','HONEY (MIELE)','5,00',793);
INSERT INTO bier VALUES(1584,'TORRONA','SPECIAL','HONEY (MIELE)','7,00',812);
INSERT INTO bier VALUES(1585,'MONGOZO PALMNUT','SPECIAL','PALM','7,00',994);
INSERT INTO bier VALUES(1586,'MONGOZO QUINOA','SPECIAL','QUINOA','5,90',994);
INSERT INTO bier VALUES(1587,'SCHLAGL GOLDROGGEN','SPECIAL','RYE (SEGALE)','4,90',1250);
INSERT INTO bier VALUES(1588,'TACABANDA','SPECIAL','RYE (SEGALE)','5,00',753);
INSERT INTO bier VALUES(1589,'ROGGEN','SPECIAL','RYE (SEGALE)','4,20',722);
INSERT INTO bier VALUES(1590,'AECHT SCHENKERLA','SPECIAL','SMOKED (AFFUMICATA)','5,00',972);
INSERT INTO bier VALUES(1591,'AECHT SCHLENKERLA URBOCK','SPECIAL','SMOKED (AFFUMICATA)','6,50',972);
INSERT INTO bier VALUES(1592,'GHISA','SPECIAL','SMOKED (AFFUMICATA)','6,00',1043);
INSERT INTO bier VALUES(1593,'RAUCH PORTER','SPECIAL','SMOKED (AFFUMICATA)','5,00',1240);
INSERT INTO bier VALUES(1594,'SPLUGEN FUMEE','SPECIAL','SMOKED (AFFUMICATA)','5,00',1148);
INSERT INTO bier VALUES(1595,'ZAHRE AFFUMICATA','SPECIAL','SMOKED (AFFUMICATA)','6,50',1351);
INSERT INTO bier VALUES(1596,'SCHAFLY SMOKED PORTER','SPECIAL','SMOKED (AFFUMICATA)','5,00',1199);
INSERT INTO bier VALUES(1597,'SMOKED ALE','SPECIAL','SMOKED (AFFUMICATA)','6,00',1173);
INSERT INTO bier VALUES(1598,'SMOKED PORTER','SPECIAL','SMOKED (AFFUMICATA)','5,90',1251);
INSERT INTO bier VALUES(1599,'SPELTOR','SPECIAL','SPELT (FARRO)','4,80',1095);
INSERT INTO bier VALUES(1600,'PLANKSTETTEN DINKEL','SPECIAL','SPELT (FARRO)','4,90',1163);
INSERT INTO bier VALUES(1601,'GINGER TOM','SPECIAL','SPICED/HERBS','3,90',724);
INSERT INTO bier VALUES(1602,'MOROCCO','SPECIAL','SPICED/HERBS','5,50',835);
INSERT INTO bier VALUES(1603,'36,15','SPECIAL','SPICED/HERBS','5,00',910);
INSERT INTO bier VALUES(1604,'JENLAIN BLONDE GINGEMBRE','SPECIAL','SPICED/HERBS','5,00',879);
INSERT INTO bier VALUES(1605,'MOULIN ROUGE','SPECIAL','SPICED/HERBS','6,10',910);
INSERT INTO bier VALUES(1606,'BALUBA','SPECIAL','SPICED/HERBS','8,50',752);
INSERT INTO bier VALUES(1607,'CINNAMON BITTER ALE','SPECIAL','SPICED/HERBS','5,80',753);
INSERT INTO bier VALUES(1608,'FEBBRE ALTA','SPECIAL','SPICED/HERBS','7,80',1287);
INSERT INTO bier VALUES(1609,'PANGAEA','SPECIAL','SPICED/HERBS','7,00',865);
INSERT INTO bier VALUES(1610,'RAUCHENFELS STEINBIER','SPECIAL','STONE (PIETRA)','4,70',1157);
INSERT INTO bier VALUES(1611,'NESSIE','SPECIAL','WHISKYMALT','6,50',883);
INSERT INTO bier VALUES(1612,'OLD WHISKY','SPECIAL','WHISKYMALT','5,50',779);
INSERT INTO bier VALUES(1613,'RAFTMAN','SPECIAL','WHISKYMALT','5,50',1295);
INSERT INTO bier VALUES(1614,'ADELSCOTT','SPECIAL','WHISKYMALT','6,40',910);
INSERT INTO bier VALUES(1615,'ADELSCOTT SCURA','SPECIAL','WHISKYMALT','6,40',910);
INSERT INTO bier VALUES(1616,'BRITT ROUSSE','SPECIAL','WHISKYMALT','5,40',785);
INSERT INTO bier VALUES(1617,'WEL SCOTCH','SPECIAL','WHISKYMALT','5,00',1027);
CREATE TABLE brouwer (`brouwcode` int, `naam` varchar(40), `land` varchar(40));
INSERT INTO brouwer VALUES(678,'(EX-MORREL''S)','  ENG');
INSERT INTO brouwer VALUES(679,'3 FLOYDS','  USA');
INSERT INTO brouwer VALUES(680,'3 FONTEINEN','  BEL');
INSERT INTO brouwer VALUES(681,'3 HORNEN','  NED');
INSERT INTO brouwer VALUES(682,'ABBAYE DE ROCS','  BEL');
INSERT INTO brouwer VALUES(683,'ABBAZIA ALPIRSBACH','  GER');
INSERT INTO brouwer VALUES(684,'ACHILLES','  BEL');
INSERT INTO brouwer VALUES(685,'ADAMBRAU','  AUT');
INSERT INTO brouwer VALUES(686,'ADDIS SCOPEL','  ITA');
INSERT INTO brouwer VALUES(687,'ADELSKRONEN','  GER');
INSERT INTO brouwer VALUES(688,'ADNAMS','  ENG');
INSERT INTO brouwer VALUES(689,'AFFLIGEM','  BEL');
INSERT INTO brouwer VALUES(690,'AGROCOOP. PIK-BECEJ','  YUG');
INSERT INTO brouwer VALUES(691,'ALBANI','  DEN');
INSERT INTO brouwer VALUES(692,'ALCATRAZ','  USA');
INSERT INTO brouwer VALUES(693,'ALESMITH','  USA');
INSERT INTO brouwer VALUES(694,'ALLOA','  SCO');
INSERT INTO brouwer VALUES(695,'ALPHAND','  FRA');
INSERT INTO brouwer VALUES(696,'ALTENMUNSTER','  GER');
INSERT INTO brouwer VALUES(697,'AMARCORD - SPRING','  ITA');
INSERT INTO brouwer VALUES(698,'AMSTEL','  NED');
INSERT INTO brouwer VALUES(699,'ANCHOR','  USA');
INSERT INTO brouwer VALUES(700,'ANDERSON VALLEY','  USA');
INSERT INTO brouwer VALUES(701,'ANHEUSER - BUSH','  USA');
INSERT INTO brouwer VALUES(702,'ANNOEULLIN','  FRA');
INSERT INTO brouwer VALUES(703,'ARCEN','  NED');
INSERT INTO brouwer VALUES(704,'ARCOBRAU','  GER');
INSERT INTO brouwer VALUES(705,'ARIZONA ROADHOUSE','  USA');
INSERT INTO brouwer VALUES(706,'ARTISANS BRASSEURS','  BEL');
INSERT INTO brouwer VALUES(707,'ARTOIS','  BEL');
INSERT INTO brouwer VALUES(708,'ASASHI','  JAP');
INSERT INTO brouwer VALUES(709,'ASH VINE','  ENG');
INSERT INTO brouwer VALUES(710,'ASIA PACIFIC',' SING');
INSERT INTO brouwer VALUES(711,'AUCHAN','  BEL');
INSERT INTO brouwer VALUES(712,'AUGUSTINER','  GER');
INSERT INTO brouwer VALUES(713,'AYING','  GER');
INSERT INTO brouwer VALUES(714,'BABB','  ITA');
INSERT INTO brouwer VALUES(715,'BADGER','  ENG');
INSERT INTO brouwer VALUES(716,'BAJA','  USA');
INSERT INTO brouwer VALUES(717,'BALADIN','  ITA');
INSERT INTO brouwer VALUES(718,'BALLARD','  ENG');
INSERT INTO brouwer VALUES(719,'BALLAST POINT','  USA');
INSERT INTO brouwer VALUES(720,'BALTIKA','  POL');
INSERT INTO brouwer VALUES(721,'BALTUS','  USA');
INSERT INTO brouwer VALUES(722,'BANDERSNATCH','  USA');
INSERT INTO brouwer VALUES(723,'BARCHESSA DI VILLA POLA','  ITA');
INSERT INTO brouwer VALUES(724,'BARNSLEY','  ENG');
INSERT INTO brouwer VALUES(725,'BASS','  ENG');
INSERT INTO brouwer VALUES(726,'BASS MUSEUM','  ENG');
INSERT INTO brouwer VALUES(727,'BATEMANS','  ENG');
INSERT INTO brouwer VALUES(728,'BAVARIA','  BRA');
INSERT INTO brouwer VALUES(729,'BAVARIA','  NED');
INSERT INTO brouwer VALUES(730,'BAVARIA - ST. PAULI','  GER');
INSERT INTO brouwer VALUES(731,'BAVIK','  BEL');
INSERT INTO brouwer VALUES(732,'BEAMISH','  IRL');
INSERT INTO brouwer VALUES(733,'BEBA','  ITA');
INSERT INTO brouwer VALUES(734,'BECKER''S','  GER');
INSERT INTO brouwer VALUES(735,'BECK''S','  GER');
INSERT INTO brouwer VALUES(736,'BELHAVEN','  SCO');
INSERT INTO brouwer VALUES(737,'BELHAVEN - MONKSCROFT','  SCO');
INSERT INTO brouwer VALUES(738,'BELHAVEN - TRAQUAIR HOUSE','  SCO');
INSERT INTO brouwer VALUES(739,'BELLEVUE','  BEL');
INSERT INTO brouwer VALUES(740,'BELL''S','  USA');
INSERT INTO brouwer VALUES(741,'BENIFONTAINE','  FRA');
INSERT INTO brouwer VALUES(742,'BERGHOFF','  USA');
INSERT INTO brouwer VALUES(743,'BEXTRIM','  GER');
INSERT INTO brouwer VALUES(744,'BF&D','  ITA');
INSERT INTO brouwer VALUES(745,'BI-DU','  ITA');
INSERT INTO brouwer VALUES(746,'BIERARIA TSCHLIN','  SUI');
INSERT INTO brouwer VALUES(747,'BINDING','  GER');
INSERT INTO brouwer VALUES(748,'BIOS - VAN STEENBERGE','  BEL');
INSERT INTO brouwer VALUES(749,'BIOS (ABB CORSENDONK)','  BEL');
INSERT INTO brouwer VALUES(750,'BIRRIFICIO ARTIGIANO','  ITA');
INSERT INTO brouwer VALUES(751,'BIRRIFICIO DEL BORGO','  ITA');
INSERT INTO brouwer VALUES(752,'BIRRIFICIO DI COMO','  ITA');
INSERT INTO brouwer VALUES(753,'BIRRIFICIO ITALIANO','  ITA');
INSERT INTO brouwer VALUES(754,'BIRRIFICIO LODIGIANO','  ITA');
INSERT INTO brouwer VALUES(755,'BIRRIFICIO TORINO','  ITA');
INSERT INTO brouwer VALUES(756,'BIRTANG','  BIR');
INSERT INTO brouwer VALUES(757,'BLACK MOUNTAIN','  USA');
INSERT INTO brouwer VALUES(758,'BLACK SHEEP','  ENG');
INSERT INTO brouwer VALUES(759,'BLUE ANCHOR','  ENG');
INSERT INTO brouwer VALUES(760,'BOELENS','  BEL');
INSERT INTO brouwer VALUES(761,'BOHEMIA','  MEX');
INSERT INTO brouwer VALUES(762,'BOON','  BEL');
INSERT INTO brouwer VALUES(763,'BOON RAWD',' THAI');
INSERT INTO brouwer VALUES(764,'BOSTEELS','  BEL');
INSERT INTO brouwer VALUES(765,'BOSTON BEER CO.','  USA');
INSERT INTO brouwer VALUES(766,'BOSTON BEER CO.                   1','  USA');
INSERT INTO brouwer VALUES(767,'BR. FRANCHES-MONTAGNES','  SUI');
INSERT INTO brouwer VALUES(768,'BRAHMA','  BRA');
INSERT INTO brouwer VALUES(769,'BRAIN''S','  WAL');
INSERT INTO brouwer VALUES(770,'BRAKSPEAR','  ENG');
INSERT INTO brouwer VALUES(771,'BRAND','  NED');
INSERT INTO brouwer VALUES(772,'BRASSERIE D''AMBLY','  BEL');
INSERT INTO brouwer VALUES(773,'BRASSERIE DE TAHITI','  TAH');
INSERT INTO brouwer VALUES(774,'BRASSERIES BRUXELLOISES','  BEL');
INSERT INTO brouwer VALUES(775,'BRASSERIES SEMEUSE','  FRA');
INSERT INTO brouwer VALUES(776,'BRAUHAUS FREIBERG','  GER');
INSERT INTO brouwer VALUES(777,'BRAUHAUS FREISTADT','  AUT');
INSERT INTO brouwer VALUES(778,'BRAUHAUS INGOLSTADT','  GER');
INSERT INTO brouwer VALUES(779,'BRAUHAUS NUSSDORF','  AUT');
INSERT INTO brouwer VALUES(780,'BRAUHAUS PFORZHEIM','  GER');
INSERT INTO brouwer VALUES(781,'BRECKENRIDGE','  USA');
INSERT INTO brouwer VALUES(782,'BREDA','  NED');
INSERT INTO brouwer VALUES(783,'BRINKHOFF','  GER');
INSERT INTO brouwer VALUES(784,'BRINKUS','  GER');
INSERT INTO brouwer VALUES(785,'BRITT','  FRA');
INSERT INTO brouwer VALUES(786,'BROOKLYN','  USA');
INSERT INTO brouwer VALUES(787,'BROUGHTON','  SCO');
INSERT INTO brouwer VALUES(788,'BRUNEHAUT','  BEL');
INSERT INTO brouwer VALUES(789,'BUCANERO',' CUBA');
INSERT INTO brouwer VALUES(790,'BUDVAR','  CEC');
INSERT INTO brouwer VALUES(791,'BURGERBRAU BAMBERG','  GER');
INSERT INTO brouwer VALUES(792,'BURTON BRIDGE','  ENG');
INSERT INTO brouwer VALUES(793,'BUSALLA','  ITA');
INSERT INTO brouwer VALUES(794,'BUTCOMBE','  ENG');
INSERT INTO brouwer VALUES(795,'C. SCHMIDT','  USA');
INSERT INTO brouwer VALUES(796,'CAFFREY','  IRL');
INSERT INTO brouwer VALUES(797,'CALANDA','  SUI');
INSERT INTO brouwer VALUES(798,'CALEDONIAN','  ENG');
INSERT INTO brouwer VALUES(799,'CALEDONIAN','  SCO');
INSERT INTO brouwer VALUES(800,'CALVER','  ENG');
INSERT INTO brouwer VALUES(801,'CANARDOU','  FRA');
INSERT INTO brouwer VALUES(802,'CANTILLON','  BEL');
INSERT INTO brouwer VALUES(803,'CARDINAL','  SUI');
INSERT INTO brouwer VALUES(804,'CARLING','  CAN');
INSERT INTO brouwer VALUES(805,'CARLOW','  IRL');
INSERT INTO brouwer VALUES(806,'CARLSBERG','  DEN');
INSERT INTO brouwer VALUES(807,'CARLSBERG - PORETTI','  DEN');
INSERT INTO brouwer VALUES(808,'CASTELLO DI UDINE','  ITA');
INSERT INTO brouwer VALUES(809,'CASTLEMAINE','  AUS');
INSERT INTO brouwer VALUES(810,'CELIS','  USA');
INSERT INTO brouwer VALUES(811,'CENTRAL DE CERVEJAS','  POR');
INSERT INTO brouwer VALUES(812,'CENTRALE DELLA BIRRA','  ITA');
INSERT INTO brouwer VALUES(813,'CERES','  DEN');
INSERT INTO brouwer VALUES(814,'CERV. NATIONAL DOMINICANA','  DOM');
INSERT INTO brouwer VALUES(815,'CERVECERIA HONDURENA','  HON');
INSERT INTO brouwer VALUES(816,'CERVESUR',' PERU');
INSERT INTO brouwer VALUES(817,'CERVISIA','  ITA');
INSERT INTO brouwer VALUES(818,'CEYLON','  SHK');
INSERT INTO brouwer VALUES(819,'CHARLES WELLS','  ENG');
INSERT INTO brouwer VALUES(820,'CIMES','  FRA');
INSERT INTO brouwer VALUES(821,'CITTAVECCHIA','  ITA');
INSERT INTO brouwer VALUES(822,'CNUDDE','  BEL');
INSERT INTO brouwer VALUES(823,'COBRA',' INDIA');
INSERT INTO brouwer VALUES(824,'COMMONWEALTH NY','  USA');
INSERT INTO brouwer VALUES(825,'COMPAGNIE DES 3 EPIS','  FRA');
INSERT INTO brouwer VALUES(826,'CONISTON','  ENG');
INSERT INTO brouwer VALUES(827,'COOP','  SUI');
INSERT INTO brouwer VALUES(828,'COREFF','  FRA');
INSERT INTO brouwer VALUES(829,'CORNISH','  ENG');
INSERT INTO brouwer VALUES(830,'CORONADO','  USA');
INSERT INTO brouwer VALUES(831,'COTLEIGH','  ENG');
INSERT INTO brouwer VALUES(832,'COURAGE','  ENG');
INSERT INTO brouwer VALUES(833,'CREST','  ENG');
INSERT INTO brouwer VALUES(834,'CROMBE','  BEL');
INSERT INTO brouwer VALUES(835,'DALESIDE','  ENG');
INSERT INTO brouwer VALUES(836,'DAMM','  SPA');
INSERT INTO brouwer VALUES(837,'DE BIE','  BEL');
INSERT INTO brouwer VALUES(838,'DE BLOCK','  BEL');
INSERT INTO brouwer VALUES(839,'DE CAM','  BEL');
INSERT INTO brouwer VALUES(840,'DE DOLLE BROUWERS','  BEL');
INSERT INTO brouwer VALUES(841,'DE GOUDEN BOOM','  BEL');
INSERT INTO brouwer VALUES(842,'DE HOPDUVEL','  BEL');
INSERT INTO brouwer VALUES(843,'DE KEERSMAEKER','  BEL');
INSERT INTO brouwer VALUES(844,'DE KIKVORSCH','  NED');
INSERT INTO brouwer VALUES(845,'DE KLUIS','  BEL');
INSERT INTO brouwer VALUES(846,'DE KONINK','  BEL');
INSERT INTO brouwer VALUES(847,'DE NEVE','  BEL');
INSERT INTO brouwer VALUES(848,'DE PROEF','  BEL');
INSERT INTO brouwer VALUES(849,'DE RANKE','  BEL');
INSERT INTO brouwer VALUES(850,'DE RIDDER','  NED');
INSERT INTO brouwer VALUES(851,'DE SMEDT','  BEL');
INSERT INTO brouwer VALUES(852,'DE SMEDT - CELIS','  USA');
INSERT INTO brouwer VALUES(853,'DE SMEDT (ABB AFFLIGEM)','  BEL');
INSERT INTO brouwer VALUES(854,'DE SMEDT (ABB D''AULNE)','  BEL');
INSERT INTO brouwer VALUES(855,'DE SMEDT (ABB DE BROGNE)','  BEL');
INSERT INTO brouwer VALUES(856,'DE SNOECK - STRUBBE','  BEL');
INSERT INTO brouwer VALUES(857,'DE TROCH','  BEL');
INSERT INTO brouwer VALUES(858,'DEININGER KRONENBRAU','  GER');
INSERT INTO brouwer VALUES(859,'DESCHUTES','  USA');
INSERT INTO brouwer VALUES(860,'DEVENISH','  ENG');
INSERT INTO brouwer VALUES(861,'DEVENISH                          1','  ENG');
INSERT INTO brouwer VALUES(862,'DIEBELS','  GER');
INSERT INTO brouwer VALUES(863,'DINCKEL ACKER','  GER');
INSERT INTO brouwer VALUES(864,'DINKELACKER','  GER');
INSERT INTO brouwer VALUES(865,'DOGFISH HEAD','  USA');
INSERT INTO brouwer VALUES(866,'DOGFISH HEAD                      1','  USA');
INSERT INTO brouwer VALUES(867,'DOOL','  BEL');
INSERT INTO brouwer VALUES(868,'DOPPO','  JAP');
INSERT INTO brouwer VALUES(869,'DORTMUNDER ACTIEN BRAUREI','  GER');
INSERT INTO brouwer VALUES(870,'DORTMUNDER KRONEN','  GER');
INSERT INTO brouwer VALUES(871,'DORTMUNDER UNION BRAUREI','  GER');
INSERT INTO brouwer VALUES(872,'DREHER','  ITA');
INSERT INTO brouwer VALUES(873,'DRYBOROUGH','  SCO');
INSERT INTO brouwer VALUES(874,'DU BOCQ','  BEL');
INSERT INTO brouwer VALUES(875,'DU BOCQ (ABB CORSENDONK)','  BEL');
INSERT INTO brouwer VALUES(876,'DUBLIN','  IRL');
INSERT INTO brouwer VALUES(877,'DUBUISSON','  BEL');
INSERT INTO brouwer VALUES(878,'DUPONT','  BEL');
INSERT INTO brouwer VALUES(879,'DUYCK','  FRA');
INSERT INTO brouwer VALUES(880,'ECAUSSINNES','  BEL');
INSERT INTO brouwer VALUES(881,'EDER','  GER');
INSERT INTO brouwer VALUES(882,'EDWIN CHESIRE','  SCO');
INSERT INTO brouwer VALUES(883,'EGGENBERGER','  AUT');
INSERT INTO brouwer VALUES(884,'EGGENBERGER','  SUI');
INSERT INTO brouwer VALUES(885,'EGIS','  ISL');
INSERT INTO brouwer VALUES(886,'EICHBAUM','  GER');
INSERT INTO brouwer VALUES(887,'EICHOF','  SUI');
INSERT INTO brouwer VALUES(888,'EINBECKER','  GER');
INSERT INTO brouwer VALUES(889,'ELGOODS','  ENG');
INSERT INTO brouwer VALUES(890,'ELLEZELLOISE','  BEL');
INSERT INTO brouwer VALUES(891,'ELRIDGE POPE','  ENG');
INSERT INTO brouwer VALUES(892,'ENFANTS DE GAYANT','  FRA');
INSERT INTO brouwer VALUES(893,'ENGEL','  GER');
INSERT INTO brouwer VALUES(894,'ERDINGER WEISSBRAU','  GER');
INSERT INTO brouwer VALUES(895,'ERSTE KULMBACHER ACTIENB.','  GER');
INSERT INTO brouwer VALUES(896,'ESPECIALIDADES CERVECERAS','  MEX');
INSERT INTO brouwer VALUES(897,'EULER','  GER');
INSERT INTO brouwer VALUES(898,'EVANS','  USA');
INSERT INTO brouwer VALUES(899,'EVERARDS','  ENG');
INSERT INTO brouwer VALUES(900,'EXMOOR','  ENG');
INSERT INTO brouwer VALUES(901,'EX-WITHBREAD','  ENG');
INSERT INTO brouwer VALUES(902,'EYLENBOSCH','  BEL');
INSERT INTO brouwer VALUES(903,'FALKEN','  SWE');
INSERT INTO brouwer VALUES(904,'FANTOME','  BEL');
INSERT INTO brouwer VALUES(905,'FARSONS',' MALTA');
INSERT INTO brouwer VALUES(906,'FAXE','  DEN');
INSERT INTO brouwer VALUES(907,'FELDSCHLOSSCHEN','  GER');
INSERT INTO brouwer VALUES(908,'FIRKIN','  ENG');
INSERT INTO brouwer VALUES(909,'FIRKIN','  FRA');
INSERT INTO brouwer VALUES(910,'FISCHER - ADELSHOFFEN','  FRA');
INSERT INTO brouwer VALUES(911,'FLAGSHIP','  ENG');
INSERT INTO brouwer VALUES(912,'FLORISGAARDEN','  BEL');
INSERT INTO brouwer VALUES(913,'FLYING DOG','  USA');
INSERT INTO brouwer VALUES(914,'FLYING FISH','  USA');
INSERT INTO brouwer VALUES(915,'FOHRENBURGER','  AUT');
INSERT INTO brouwer VALUES(916,'FORST','  ITA');
INSERT INTO brouwer VALUES(917,'FOSTER''S - COURAGE','  AUS');
INSERT INTO brouwer VALUES(918,'FOUR PEAKS','  USA');
INSERT INTO brouwer VALUES(919,'FRANKEN','  GER');
INSERT INTO brouwer VALUES(920,'FREEDOM','  ENG');
INSERT INTO brouwer VALUES(921,'FREEMINER','  ENG');
INSERT INTO brouwer VALUES(922,'FRIART','  BEL');
INSERT INTO brouwer VALUES(923,'FRUH''S','  GER');
INSERT INTO brouwer VALUES(924,'FULLER''S','  ENG');
INSERT INTO brouwer VALUES(925,'FURSTENBERG','  GER');
INSERT INTO brouwer VALUES(926,'GAFFEL','  GER');
INSERT INTO brouwer VALUES(927,'GALE''S','  ENG');
INSERT INTO brouwer VALUES(928,'GAMBRINUS','  GER');
INSERT INTO brouwer VALUES(929,'GARDE','  GER');
INSERT INTO brouwer VALUES(930,'GATZWEILER','  GER');
INSERT INTO brouwer VALUES(931,'GBP','  ITA');
INSERT INTO brouwer VALUES(932,'GEARY','  USA');
INSERT INTO brouwer VALUES(933,'GENERAL LAFAYETTE','  USA');
INSERT INTO brouwer VALUES(934,'GIBBS MEW','  ENG');
INSERT INTO brouwer VALUES(935,'GIRARDIN','  BEL');
INSERT INTO brouwer VALUES(936,'GOOSE ISLAND','  USA');
INSERT INTO brouwer VALUES(937,'GORDON BIERSCH','  USA');
INSERT INTO brouwer VALUES(938,'GRADO PLATO','  ITA');
INSERT INTO brouwer VALUES(939,'GRAND UNION','  ENG');
INSERT INTO brouwer VALUES(940,'GRANDE BRASSERIE MODERNE','  FRA');
INSERT INTO brouwer VALUES(941,'GRANDS COLS','  FRA');
INSERT INTO brouwer VALUES(942,'GREENALL WHITLEY','  ENG');
INSERT INTO brouwer VALUES(943,'GREENE KING','  ENG');
INSERT INTO brouwer VALUES(944,'GRIESKIRCHNER','  AUT');
INSERT INTO brouwer VALUES(945,'GROLSCH','  NED');
INSERT INTO brouwer VALUES(946,'GUINNESS','  IRL');
INSERT INTO brouwer VALUES(947,'GUINNESS- SAPPORO','  JAP');
INSERT INTO brouwer VALUES(948,'GULPEN - ZWARTE RUITER','  NED');
INSERT INTO brouwer VALUES(949,'GULPENER','  BEL');
INSERT INTO brouwer VALUES(950,'H. WEST','  NED');
INSERT INTO brouwer VALUES(951,'HAACHT','  BEL');
INSERT INTO brouwer VALUES(952,'HAARLEMS','  NED');
INSERT INTO brouwer VALUES(953,'HABERECKL','  GER');
INSERT INTO brouwer VALUES(954,'HACKER-PSCHORR','  GER');
INSERT INTO brouwer VALUES(955,'HALL & WOODHOUSE','  ENG');
INSERT INTO brouwer VALUES(956,'HAMPSHIRE','  ENG');
INSERT INTO brouwer VALUES(957,'HANNEN','  GER');
INSERT INTO brouwer VALUES(958,'HANS HOPF','  GER');
INSERT INTO brouwer VALUES(959,'HANSA','  GER');
INSERT INTO brouwer VALUES(960,'HANSA','  NOR');
INSERT INTO brouwer VALUES(961,'HANSSENS','  BEL');
INSERT INTO brouwer VALUES(962,'HARBOE','  DEN');
INSERT INTO brouwer VALUES(963,'HART','  USA');
INSERT INTO brouwer VALUES(964,'HARVEYS','  ENG');
INSERT INTO brouwer VALUES(965,'HARVIESTOUN','  SCO');
INSERT INTO brouwer VALUES(966,'HASEN','  GER');
INSERT INTO brouwer VALUES(967,'HEARTLAND','  USA');
INSERT INTO brouwer VALUES(968,'HEATHER ALE','  SCO');
INSERT INTO brouwer VALUES(969,'HEIDELBERGER SCHLOSSQUELL','  GER');
INSERT INTO brouwer VALUES(970,'HEINEKEN','  ITA');
INSERT INTO brouwer VALUES(971,'HEINEKEN','  NED');
INSERT INTO brouwer VALUES(972,'HELLER','  GER');
INSERT INTO brouwer VALUES(973,'HENNINGER - SIB','  GER');
INSERT INTO brouwer VALUES(974,'HERBERT WERNER','  GER');
INSERT INTO brouwer VALUES(975,'HERFORDER','  GER');
INSERT INTO brouwer VALUES(976,'HERREHHAUSER','  GER');
INSERT INTO brouwer VALUES(977,'HERRNBRAU','  GER');
INSERT INTO brouwer VALUES(978,'HET ANKER','  BEL');
INSERT INTO brouwer VALUES(979,'HGI','  GER');
INSERT INTO brouwer VALUES(980,'HIGHGATE','  ENG');
INSERT INTO brouwer VALUES(981,'HIJOS DE RIVERA','  SPA');
INSERT INTO brouwer VALUES(982,'HILDEN',' NIRL');
INSERT INTO brouwer VALUES(983,'HIRTER','  AUT');
INSERT INTO brouwer VALUES(984,'HOFBRAUHAUS','  GER');
INSERT INTO brouwer VALUES(985,'HOFBRAUHAUS FREISING','  GER');
INSERT INTO brouwer VALUES(986,'HOFMARK','  GER');
INSERT INTO brouwer VALUES(987,'HOFSTETTEN','  AUT');
INSERT INTO brouwer VALUES(988,'HOLSTEN','  GER');
INSERT INTO brouwer VALUES(989,'HOOK NORTON','  ENG');
INSERT INTO brouwer VALUES(990,'HOP BACK','  ENG');
INSERT INTO brouwer VALUES(991,'HOSL','  GER');
INSERT INTO brouwer VALUES(992,'HOUGARDEN ARTOIS','  BEL');
INSERT INTO brouwer VALUES(993,'HURLIMANN','  SUI');
INSERT INTO brouwer VALUES(994,'HUYGHE - ARTEVELDE','  BEL');
INSERT INTO brouwer VALUES(995,'I.N.P.','  ITA');
INSERT INTO brouwer VALUES(996,'ICHNUSA','  ITA');
INSERT INTO brouwer VALUES(997,'IJ','  NED');
INSERT INTO brouwer VALUES(998,'IND COOPE','  ENG');
INSERT INTO brouwer VALUES(999,'INVERALMOND','  SCO');
INSERT INTO brouwer VALUES(1000,'IRLBACHER','  GER');
INSERT INTO brouwer VALUES(1001,'JAHNS','  GER');
INSERT INTO brouwer VALUES(1002,'JEANNE D''ARC','  FRA');
INSERT INTO brouwer VALUES(1003,'JEANNE D''ARC                      1','  FRA');
INSERT INTO brouwer VALUES(1004,'JOHN MARTIN','  ENG');
INSERT INTO brouwer VALUES(1005,'JOHN MARTIN','  SCO');
INSERT INTO brouwer VALUES(1006,'JOHN SMITH''S','  ENG');
INSERT INTO brouwer VALUES(1007,'JOSEPH SIGL','  AUT');
INSERT INTO brouwer VALUES(1008,'JUPILER','  BEL');
INSERT INTO brouwer VALUES(1009,'KADEWE','  GER');
INSERT INTO brouwer VALUES(1010,'KAISERBRAU','  GER');
INSERT INTO brouwer VALUES(1011,'KAISERDOM','  GER');
INSERT INTO brouwer VALUES(1012,'KALTENBERG','  GER');
INSERT INTO brouwer VALUES(1013,'KALTENHAUSEN','  AUT');
INSERT INTO brouwer VALUES(1014,'KANTERBRAU','  FRA');
INSERT INTO brouwer VALUES(1015,'KARLSBRAU','  GER');
INSERT INTO brouwer VALUES(1016,'KENYA','  KEN');
INSERT INTO brouwer VALUES(1017,'KINDL','  GER');
INSERT INTO brouwer VALUES(1018,'KING & BARNES','  ENG');
INSERT INTO brouwer VALUES(1019,'KIRIN','  JAP');
INSERT INTO brouwer VALUES(1020,'KITZMANN','  GER');
INSERT INTO brouwer VALUES(1021,'KLOSTERBRAUEREI ANDECHS','  GER');
INSERT INTO brouwer VALUES(1022,'KNEITING','  GER');
INSERT INTO brouwer VALUES(1023,'KOEPFF - ABB. WEINGARTEN','  GER');
INSERT INTO brouwer VALUES(1024,'KOMPANIA PIWOWARSKA','  POL');
INSERT INTO brouwer VALUES(1025,'KONA','  USA');
INSERT INTO brouwer VALUES(1026,'KONIG','  GER');
INSERT INTO brouwer VALUES(1027,'KRONENBOURG','  FRA');
INSERT INTO brouwer VALUES(1028,'KULMBACHER SCHWEIZERHOF','  GER');
INSERT INTO brouwer VALUES(1029,'KUNSTHUIS','  BEL');
INSERT INTO brouwer VALUES(1030,'KUPPERS','  GER');
INSERT INTO brouwer VALUES(1031,'KUR','  GER');
INSERT INTO brouwer VALUES(1032,'KYOTO','  JAP');
INSERT INTO brouwer VALUES(1033,'LA BINCHOISE','  BEL');
INSERT INTO brouwer VALUES(1034,'LA CHOUFFE','  BEL');
INSERT INTO brouwer VALUES(1035,'LA CHOULETTE','  FRA');
INSERT INTO brouwer VALUES(1036,'LA CORNUE','  FRA');
INSERT INTO brouwer VALUES(1037,'LA FABBRICA','  ITA');
INSERT INTO brouwer VALUES(1038,'LA JOLLA','  USA');
INSERT INTO brouwer VALUES(1039,'LA TRAPPE','  BEL');
INSERT INTO brouwer VALUES(1040,'LA ZARAGOZANA','  SPA');
INSERT INTO brouwer VALUES(1041,'LABATT - MORETTI','  CAN');
INSERT INTO brouwer VALUES(1042,'LAGUNITAS','  USA');
INSERT INTO brouwer VALUES(1043,'LAMBRATE','  ITA');
INSERT INTO brouwer VALUES(1044,'LANCELOT','  FRA');
INSERT INTO brouwer VALUES(1045,'LAPIN KULTA','  FIN');
INSERT INTO brouwer VALUES(1046,'LASKO','  SLO');
INSERT INTO brouwer VALUES(1047,'LAUVAUX','  BEL');
INSERT INTO brouwer VALUES(1048,'LEES','  ENG');
INSERT INTO brouwer VALUES(1049,'LEFEBVRE','  BEL');
INSERT INTO brouwer VALUES(1050,'LEFEBVRE (ABB BONNE ESP.)','  BEL');
INSERT INTO brouwer VALUES(1051,'LEFEBVRE (ABB FLOREFFE)','  BEL');
INSERT INTO brouwer VALUES(1052,'LEFT COAST','  USA');
INSERT INTO brouwer VALUES(1053,'LEFT HAND','  USA');
INSERT INTO brouwer VALUES(1054,'LIDL','  GER');
INSERT INTO brouwer VALUES(1055,'LIEFMANS','  BEL');
INSERT INTO brouwer VALUES(1056,'LINDEMANS','  BEL');
INSERT INTO brouwer VALUES(1057,'LINDEN','  GER');
INSERT INTO brouwer VALUES(1058,'LOCHER','  SUI');
INSERT INTO brouwer VALUES(1059,'LOCKWOODS','  ITA');
INSERT INTO brouwer VALUES(1060,'LOSCHER','  GER');
INSERT INTO brouwer VALUES(1061,'LOUWAEGE','  BEL');
INSERT INTO brouwer VALUES(1062,'LOWENBRAU','  GER');
INSERT INTO brouwer VALUES(1063,'M. BROWN','  ENG');
INSERT INTO brouwer VALUES(1064,'M.S. GUIBERT - INTERBREW','  BEL');
INSERT INTO brouwer VALUES(1065,'MACLAY','  SCO');
INSERT INTO brouwer VALUES(1066,'MAES','  BEL');
INSERT INTO brouwer VALUES(1067,'MAGIC HAT','  USA');
INSERT INTO brouwer VALUES(1068,'MAGNOLIA','  USA');
INSERT INTO brouwer VALUES(1069,'MAHRS','  GER');
INSERT INTO brouwer VALUES(1070,'MAISEL','  GER');
INSERT INTO brouwer VALUES(1071,'MALZMUHLE','  GER');
INSERT INTO brouwer VALUES(1072,'MANNSFIELD','  ENG');
INSERT INTO brouwer VALUES(1073,'MARQUIS DE BOSH','  NED');
INSERT INTO brouwer VALUES(1074,'MARSTON''S','  ENG');
INSERT INTO brouwer VALUES(1075,'MARTENS','  BEL');
INSERT INTO brouwer VALUES(1076,'MATT','  USA');
INSERT INTO brouwer VALUES(1077,'MATTHEW BROWN','  ENG');
INSERT INTO brouwer VALUES(1078,'MAXIMILIAAN','  NED');
INSERT INTO brouwer VALUES(1079,'MC GUIRE''S','  USA');
INSERT INTO brouwer VALUES(1080,'MC MULLEN','  ENG');
INSERT INTO brouwer VALUES(1081,'MENABREA','  ITA');
INSERT INTO brouwer VALUES(1082,'MENDOCINO','  USA');
INSERT INTO brouwer VALUES(1083,'METEOR','  FRA');
INSERT INTO brouwer VALUES(1084,'MIBRANA','  BEL');
INSERT INTO brouwer VALUES(1085,'MILLER','  USA');
INSERT INTO brouwer VALUES(1086,'MOCTEZUMA','  MEX');
INSERT INTO brouwer VALUES(1087,'MODELO','  MEX');
INSERT INTO brouwer VALUES(1088,'MONT BLANC','  FRA');
INSERT INTO brouwer VALUES(1089,'MONTEGIOCO','  ITA');
INSERT INTO brouwer VALUES(1090,'MOORTGAT','  BEL');
INSERT INTO brouwer VALUES(1091,'MOORTGAT (ABB MAREDSOUS)','  BEL');
INSERT INTO brouwer VALUES(1092,'MORDUE','  ENG');
INSERT INTO brouwer VALUES(1093,'MORETTI','  ITA');
INSERT INTO brouwer VALUES(1094,'MORLAND','  ENG');
INSERT INTO brouwer VALUES(1095,'MOULIN DES MOINES','  FRA');
INSERT INTO brouwer VALUES(1096,'MOUSTIER-ST-MARIE','  FRA');
INSERT INTO brouwer VALUES(1097,'MURPHY - DREHER','  IRL');
INSERT INTO brouwer VALUES(1098,'MUTZIG','  FRA');
INSERT INTO brouwer VALUES(1099,'N.V. DECA','  BEL');
INSERT INTO brouwer VALUES(1100,'NEPTUN','  DEN');
INSERT INTO brouwer VALUES(1101,'NEPTUNE','  USA');
INSERT INTO brouwer VALUES(1102,'NETHERGATE','  ENG');
INSERT INTO brouwer VALUES(1103,'NEW BELGIUM','  USA');
INSERT INTO brouwer VALUES(1104,'NEW GLARUS','  USA');
INSERT INTO brouwer VALUES(1105,'NIAGARA FALLS','  CAN');
INSERT INTO brouwer VALUES(1106,'NORTH COAST','  USA');
INSERT INTO brouwer VALUES(1107,'O'' HANLONS','  ENG');
INSERT INTO brouwer VALUES(1108,'OAKHAM','  ENG');
INSERT INTO brouwer VALUES(1109,'OFFICINA DELLA BIRRA - BOGGIO','  ITA');
INSERT INTO brouwer VALUES(1110,'OFFICINA DELLA BIRRA - BOGGIO','  SUI');
INSERT INTO brouwer VALUES(1111,'OFFICINA DELLA BIRRA - BRESSO','  ITA');
INSERT INTO brouwer VALUES(1112,'OLD COLUMBIA','  USA');
INSERT INTO brouwer VALUES(1113,'OLD WEST','  USA');
INSERT INTO brouwer VALUES(1114,'OLPP','  GER');
INSERT INTO brouwer VALUES(1115,'OLYMPIA','  USA');
INSERT INTO brouwer VALUES(1116,'OMMEGANG','  USA');
INSERT INTO brouwer VALUES(1117,'ORANGE','  ENG');
INSERT INTO brouwer VALUES(1118,'ORANJEBOOM','  NED');
INSERT INTO brouwer VALUES(1119,'ORKNEY','  SCO');
INSERT INTO brouwer VALUES(1120,'OSTERR. BRAU AG','  AUT');
INSERT INTO brouwer VALUES(1121,'OTTAKRINGER','  AUT');
INSERT INTO brouwer VALUES(1122,'OTTER CREEK','  ENG');
INSERT INTO brouwer VALUES(1123,'OTTER CREEK','  USA');
INSERT INTO brouwer VALUES(1124,'OUD BEERSEL','  BEL');
INSERT INTO brouwer VALUES(1125,'PABST','  USA');
INSERT INTO brouwer VALUES(1126,'PAELEMAN','  BEL');
INSERT INTO brouwer VALUES(1127,'PAFFGEN','  GER');
INSERT INTO brouwer VALUES(1128,'PAINE','  ENG');
INSERT INTO brouwer VALUES(1129,'PALM','  BEL');
INSERT INTO brouwer VALUES(1130,'PALMBRAU ZORN','  GER');
INSERT INTO brouwer VALUES(1131,'PAPER CITY','  USA');
INSERT INTO brouwer VALUES(1132,'PATRIZIER','  GER');
INSERT INTO brouwer VALUES(1133,'PAULANER THOMASBRAU','  GER');
INSERT INTO brouwer VALUES(1134,'PELFORTH','  FRA');
INSERT INTO brouwer VALUES(1135,'PELICAN','  USA');
INSERT INTO brouwer VALUES(1136,'PEOPLE''S PINT','  IRL');
INSERT INTO brouwer VALUES(1137,'PEOPLE''S PINT','  USA');
INSERT INTO brouwer VALUES(1138,'PERNSTEJN','  CEC');
INSERT INTO brouwer VALUES(1139,'PERONI','  ITA');
INSERT INTO brouwer VALUES(1140,'PETE''S','  USA');
INSERT INTO brouwer VALUES(1141,'PIETRA','  FRA');
INSERT INTO brouwer VALUES(1142,'PINKUS MULLER','  GER');
INSERT INTO brouwer VALUES(1143,'PITFIELD','  ENG');
INSERT INTO brouwer VALUES(1144,'PIVA ISOKOVA - NIKSIC','  YUG');
INSERT INTO brouwer VALUES(1145,'PIVARA APATIN','  YUG');
INSERT INTO brouwer VALUES(1146,'PLZN (PILSEN)','  CEC');
INSERT INTO brouwer VALUES(1147,'POLSTER - MENABREA','  GER');
INSERT INTO brouwer VALUES(1148,'PORETTI','  ITA');
INSERT INTO brouwer VALUES(1149,'PORTERHOUSE','  IRL');
INSERT INTO brouwer VALUES(1150,'PORTLAND','  USA');
INSERT INTO brouwer VALUES(1151,'POSTHORN','  NED');
INSERT INTO brouwer VALUES(1152,'PRINZ','  ITA');
INSERT INTO brouwer VALUES(1153,'PUNTIGAM','  AUT');
INSERT INTO brouwer VALUES(1154,'PUSTERTALER','  ITA');
INSERT INTO brouwer VALUES(1155,'PYRAMID','  USA');
INSERT INTO brouwer VALUES(1156,'RADERMACHER','  BEL');
INSERT INTO brouwer VALUES(1157,'RAUCHENFELS','  GER');
INSERT INTO brouwer VALUES(1158,'RCH','  ENG');
INSERT INTO brouwer VALUES(1159,'REDHOOK','  USA');
INSERT INTO brouwer VALUES(1160,'REGENTEN','  GER');
INSERT INTO brouwer VALUES(1161,'REICHELBRAU','  GER');
INSERT INTO brouwer VALUES(1162,'RIDLEY','  ENG');
INSERT INTO brouwer VALUES(1163,'RIEDENBURGER','  GER');
INSERT INTO brouwer VALUES(1164,'RIEGELE','  GER');
INSERT INTO brouwer VALUES(1165,'RINGNES','  NOR');
INSERT INTO brouwer VALUES(1166,'RINGWOOD','  ENG');
INSERT INTO brouwer VALUES(1167,'RITTER','  GER');
INSERT INTO brouwer VALUES(1168,'RIVA','  BEL');
INSERT INTO brouwer VALUES(1169,'ROBINSON''S','  ENG');
INSERT INTO brouwer VALUES(1170,'ROCHEFORTOISE','  BEL');
INSERT INTO brouwer VALUES(1171,'ROCK BOTTOM','  USA');
INSERT INTO brouwer VALUES(1172,'RODENBACH','  BEL');
INSERT INTO brouwer VALUES(1173,'ROGUE','  USA');
INSERT INTO brouwer VALUES(1174,'ROHRLBRAU','  GER');
INSERT INTO brouwer VALUES(1175,'ROMAN','  BEL');
INSERT INTO brouwer VALUES(1176,'ROOSTER','  ENG');
INSERT INTO brouwer VALUES(1177,'ROSEN','  GER');
INSERT INTO brouwer VALUES(1178,'ROSENBRAUREI','  GER');
INSERT INTO brouwer VALUES(1179,'ROTHAUS','  GER');
INSERT INTO brouwer VALUES(1180,'ROUTE 66','  USA');
INSERT INTO brouwer VALUES(1181,'RUDDLE','  ENG');
INSERT INTO brouwer VALUES(1182,'RULLES','  BEL');
INSERT INTO brouwer VALUES(1183,'S. BERNARDUS','  BEL');
INSERT INTO brouwer VALUES(1184,'S. LEONARD','  FRA');
INSERT INTO brouwer VALUES(1185,'S. MICHAEL','  NOR');
INSERT INTO brouwer VALUES(1186,'S. MIGUEL ESPANA','  FIL');
INSERT INTO brouwer VALUES(1187,'S. SYLVESTRE','  FRA');
INSERT INTO brouwer VALUES(1188,'SAARFURST','  GER');
INSERT INTO brouwer VALUES(1189,'SAILERBRAU','  GER');
INSERT INTO brouwer VALUES(1190,'SAINT OMER','  FRA');
INSERT INTO brouwer VALUES(1191,'SAMUEL SMITH','  ENG');
INSERT INTO brouwer VALUES(1192,'SANDLER','  GER');
INSERT INTO brouwer VALUES(1193,'SANE','  ITA');
INSERT INTO brouwer VALUES(1194,'SAPPORO','  JAP');
INSERT INTO brouwer VALUES(1195,'SARAH HUGHES','  ENG');
INSERT INTO brouwer VALUES(1196,'SBA','  FRA');
INSERT INTO brouwer VALUES(1197,'SCARAMPOLA','  ITA');
INSERT INTO brouwer VALUES(1198,'SCHAFF','  GER');
INSERT INTO brouwer VALUES(1199,'SCHAFLY','  USA');
INSERT INTO brouwer VALUES(1200,'SCHARTNER','  AUT');
INSERT INTO brouwer VALUES(1201,'SCHELDEBROUWERIJ','  NED');
INSERT INTO brouwer VALUES(1202,'SCHLOSS KALTENBERG','  GER');
INSERT INTO brouwer VALUES(1203,'SCHLOSS STARKENBERG','  AUT');
INSERT INTO brouwer VALUES(1204,'SCHLOSSB. SOLDENAU','  GER');
INSERT INTO brouwer VALUES(1205,'SCHNEIDER','  GER');
INSERT INTO brouwer VALUES(1206,'SCHWABEN','  GER');
INSERT INTO brouwer VALUES(1207,'SCOTTISH & NEWCASTLE','  ENG');
INSERT INTO brouwer VALUES(1208,'SCOTTISH & NEWCASTLE','  SCO');
INSERT INTO brouwer VALUES(1209,'SEVRES','  FRA');
INSERT INTO brouwer VALUES(1210,'SHANGAI BREWERIES',' CINA');
INSERT INTO brouwer VALUES(1211,'SHARP','  ENG');
INSERT INTO brouwer VALUES(1212,'SHEPHERD NEAME','  ENG');
INSERT INTO brouwer VALUES(1213,'SHERDEL HOF','  GER');
INSERT INTO brouwer VALUES(1214,'SHOFFERHOFER','  GER');
INSERT INTO brouwer VALUES(1215,'SIERRA NEVADA','  USA');
INSERT INTO brouwer VALUES(1216,'SILENRIEUX','  BEL');
INSERT INTO brouwer VALUES(1217,'SILLY','  BEL');
INSERT INTO brouwer VALUES(1218,'SIMMERBERG','  GER');
INSERT INTO brouwer VALUES(1219,'SINEBRYCHOFF','  FIN');
INSERT INTO brouwer VALUES(1220,'SION','  GER');
INSERT INTO brouwer VALUES(1221,'SKINNERS','  ENG');
INSERT INTO brouwer VALUES(1222,'SKOL','  NED');
INSERT INTO brouwer VALUES(1223,'SLAGHMUYLDER','  BEL');
INSERT INTO brouwer VALUES(1224,'SMILE''S','  ENG');
INSERT INTO brouwer VALUES(1225,'SMITHWICK''S','  IRL');
INSERT INTO brouwer VALUES(1226,'SOLANA','  USA');
INSERT INTO brouwer VALUES(1227,'SONORA','  USA');
INSERT INTO brouwer VALUES(1228,'SORA'' LAMA''','  ITA');
INSERT INTO brouwer VALUES(1229,'SPATEN','  GER');
INSERT INTO brouwer VALUES(1230,'SPENDRUPS','  SWE');
INSERT INTO brouwer VALUES(1231,'SQUATTERS','  USA');
INSERT INTO brouwer VALUES(1232,'ST. AMAND','  FRA');
INSERT INTO brouwer VALUES(1233,'ST. AUSTELL','  ENG');
INSERT INTO brouwer VALUES(1234,'ST. CHRISTOFFEL','  NED');
INSERT INTO brouwer VALUES(1235,'ST. JOHANNES BRAU','  ITA');
INSERT INTO brouwer VALUES(1236,'ST. JOZEF','  NED');
INSERT INTO brouwer VALUES(1237,'ST. MONON','  BEL');
INSERT INTO brouwer VALUES(1238,'ST. PETER''S','  ENG');
INSERT INTO brouwer VALUES(1239,'STANGLBRAU','  GER');
INSERT INTO brouwer VALUES(1240,'STARBESS - ROME','  ITA');
INSERT INTO brouwer VALUES(1241,'STARBESS - ROME                   1','  ITA');
INSERT INTO brouwer VALUES(1242,'STAROBNO','  CEC');
INSERT INTO brouwer VALUES(1243,'STAROPRAMEN','  CEC');
INSERT INTO brouwer VALUES(1244,'STAUDER','  GER');
INSERT INTO brouwer VALUES(1245,'STEELHEAD','  USA');
INSERT INTO brouwer VALUES(1246,'STEIRERBRAU','  AUT');
INSERT INTO brouwer VALUES(1247,'STELVIO','  ITA');
INSERT INTO brouwer VALUES(1248,'STERKENS','  BEL');
INSERT INTO brouwer VALUES(1249,'STIEGL','  AUT');
INSERT INTO brouwer VALUES(1250,'STIFTSBRAUEREI SCHLAGL','  AUT');
INSERT INTO brouwer VALUES(1251,'STONE','  USA');
INSERT INTO brouwer VALUES(1252,'STONES','  ENG');
INSERT INTO brouwer VALUES(1253,'STRAFFE HENDRIJK','  BEL');
INSERT INTO brouwer VALUES(1254,'STRANGEWAYS','  ENG');
INSERT INTO brouwer VALUES(1255,'STROH','  USA');
INSERT INTO brouwer VALUES(1256,'SWIJNKELS','  NED');
INSERT INTO brouwer VALUES(1257,'TEIGNWORTHY','  ENG');
INSERT INTO brouwer VALUES(1258,'TEMPO','  ISR');
INSERT INTO brouwer VALUES(1259,'TENNENT''S CALEDONIAN','  SCO');
INSERT INTO brouwer VALUES(1260,'TETLEY','  ENG');
INSERT INTO brouwer VALUES(1261,'THE COOPER''S  YARD PUB','  ITA');
INSERT INTO brouwer VALUES(1262,'THE FROG & ROSBIF PUB','  FRA');
INSERT INTO brouwer VALUES(1263,'THE ROSE STREET BREWERY','  SCO');
INSERT INTO brouwer VALUES(1264,'THEAKSTON','  ENG');
INSERT INTO brouwer VALUES(1265,'THERESIANER','  ITA');
INSERT INTO brouwer VALUES(1266,'THIRSTY BEAR','  USA');
INSERT INTO brouwer VALUES(1267,'THURN UND TAXIS','  GER');
INSERT INTO brouwer VALUES(1268,'TIMMERMANS','  BEL');
INSERT INTO brouwer VALUES(1269,'TIMOTHY TAYLOR','  ENG');
INSERT INTO brouwer VALUES(1270,'TINIMA CAMAGUEY',' CUBA');
INSERT INTO brouwer VALUES(1271,'TITANIC','  ENG');
INSERT INTO brouwer VALUES(1272,'TOMLINSONS','  ENG');
INSERT INTO brouwer VALUES(1273,'TORRECHIARA','  ITA');
INSERT INTO brouwer VALUES(1274,'TRAPPIST ABB. ACHEL','  BEL');
INSERT INTO brouwer VALUES(1275,'TRAPPIST ABB. DE SCOURMONT','  BEL');
INSERT INTO brouwer VALUES(1276,'TRAPPIST ABB. KOENIGHOEVE','  NED');
INSERT INTO brouwer VALUES(1277,'TRAPPIST ABB. KOENIGHOEVEN','  NED');
INSERT INTO brouwer VALUES(1278,'TRAPPIST ABB. ORVAL','  BEL');
INSERT INTO brouwer VALUES(1279,'TRAPPIST ABB. ROCHEFORT','  BEL');
INSERT INTO brouwer VALUES(1280,'TRAPPIST ABB. WESTMALLE','  BEL');
INSERT INTO brouwer VALUES(1281,'TRAPPIST ABB. WESTVLETEREN','  BEL');
INSERT INTO brouwer VALUES(1282,'TRAQUAIR HOUSE','  SCO');
INSERT INTO brouwer VALUES(1283,'TRENT - S.GEMINIANO','  ENG');
INSERT INTO brouwer VALUES(1284,'TRIBBIERA','  FRA');
INSERT INTO brouwer VALUES(1285,'TRIFTERN BAUER','  GER');
INSERT INTO brouwer VALUES(1286,'TRIPLE F','  ENG');
INSERT INTO brouwer VALUES(1287,'TROLL','  ITA');
INSERT INTO brouwer VALUES(1288,'TRUMAN''S','  ENG');
INSERT INTO brouwer VALUES(1289,'TSINGTAO',' CINA');
INSERT INTO brouwer VALUES(1290,'TUBORG','  DEN');
INSERT INTO brouwer VALUES(1291,'TUBORG - PORETTI','  DEN');
INSERT INTO brouwer VALUES(1292,'TUCHER','  GER');
INSERT INTO brouwer VALUES(1293,'UERIGE','  GER');
INSERT INTO brouwer VALUES(1294,'UNERTL','  GER');
INSERT INTO brouwer VALUES(1295,'UNIBROUE','  CAN');
INSERT INTO brouwer VALUES(1296,'UNIBROUE','  FRA');
INSERT INTO brouwer VALUES(1297,'UNICER','  POR');
INSERT INTO brouwer VALUES(1298,'UNION','  BEL');
INSERT INTO brouwer VALUES(1299,'UNION','  SLO');
INSERT INTO brouwer VALUES(1300,'UNION DE BRASSERIES','  FRA');
INSERT INTO brouwer VALUES(1301,'UNITED BREWERIES',' INDIA');
INSERT INTO brouwer VALUES(1302,'UNSER BURGERBRAU','  GER');
INSERT INTO brouwer VALUES(1303,'UPTOWN SCOTTSDALE','  USA');
INSERT INTO brouwer VALUES(1304,'URBAN','  DEN');
INSERT INTO brouwer VALUES(1305,'USHERS','  ENG');
INSERT INTO brouwer VALUES(1306,'UTRECHTSE','  NED');
INSERT INTO brouwer VALUES(1307,'VAL DE SAMBRE','  BEL');
INSERT INTO brouwer VALUES(1308,'VAL-DIEU','  BEL');
INSERT INTO brouwer VALUES(1309,'VALHALLA','  SCO');
INSERT INTO brouwer VALUES(1310,'VALLEY BEER','  ITA');
INSERT INTO brouwer VALUES(1311,'VAN DE BOSSCHE','  BEL');
INSERT INTO brouwer VALUES(1312,'VAN DER LINDEN','  BEL');
INSERT INTO brouwer VALUES(1313,'VAN EECKE','  BEL');
INSERT INTO brouwer VALUES(1314,'VAN HONSEBROUCK','  BEL');
INSERT INTO brouwer VALUES(1315,'VAN STEENBERGE','  BEL');
INSERT INTO brouwer VALUES(1316,'VAPEUR','  BEL');
INSERT INTO brouwer VALUES(1317,'VECCHIO BIRRAIO','  ITA');
INSERT INTO brouwer VALUES(1318,'VECCHIO CALABRESE','  ITA');
INSERT INTO brouwer VALUES(1319,'VELTINS','  GER');
INSERT INTO brouwer VALUES(1320,'VER. KARTNER VILLACH','  AUT');
INSERT INTO brouwer VALUES(1321,'VERHAEGHE','  BEL');
INSERT INTO brouwer VALUES(1322,'VES GLT COMBINAT','  GER');
INSERT INTO brouwer VALUES(1323,'VICTORY','  USA');
INSERT INTO brouwer VALUES(1324,'WADWORTH','  ENG');
INSERT INTO brouwer VALUES(1325,'WARSTEINER','  GER');
INSERT INTO brouwer VALUES(1326,'WATNEY','  ENG');
INSERT INTO brouwer VALUES(1327,'WEBSTER','  ENG');
INSERT INTO brouwer VALUES(1328,'WEIHENSTEPHAN','  GER');
INSERT INTO brouwer VALUES(1329,'WELTENBURG','  GER');
INSERT INTO brouwer VALUES(1330,'WELTON DORKINGS','  ENG');
INSERT INTO brouwer VALUES(1331,'WEYERBACHER','  USA');
INSERT INTO brouwer VALUES(1332,'WHITBREAD','  ENG');
INSERT INTO brouwer VALUES(1333,'WIBROE','  DEN');
INSERT INTO brouwer VALUES(1334,'WIENINGER','  GER');
INSERT INTO brouwer VALUES(1335,'WJ KING','  ENG');
INSERT INTO brouwer VALUES(1336,'WOLF','  ENG');
INSERT INTO brouwer VALUES(1337,'WOLTERS','  GER');
INSERT INTO brouwer VALUES(1338,'WOLVERHAMPTON & DUDLEY','  ENG');
INSERT INTO brouwer VALUES(1339,'WOODFORDES','  ENG');
INSERT INTO brouwer VALUES(1340,'WUHRER','  ITA');
INSERT INTO brouwer VALUES(1341,'WUNSTER','  ITA');
INSERT INTO brouwer VALUES(1342,'WURZBURGER HOFBRAU','  GER');
INSERT INTO brouwer VALUES(1343,'WYCHWOOD','  ENG');
INSERT INTO brouwer VALUES(1344,'WYE VALLEY','  ENG');
INSERT INTO brouwer VALUES(1345,'XXX','  USA');
INSERT INTO brouwer VALUES(1346,'XXX',' INDIA');
INSERT INTO brouwer VALUES(1347,'YACHIYO','  JAP');
INSERT INTO brouwer VALUES(1348,'YAKIMA','  USA');
INSERT INTO brouwer VALUES(1349,'YOUNG''S','  ENG');
INSERT INTO brouwer VALUES(1350,'ZAGREBACKE','  YUG');
INSERT INTO brouwer VALUES(1351,'ZAHRE SAURIS','  ITA');
INSERT INTO brouwer VALUES(1352,'ZHEJIANG QIANJIANG',' CINA');
INSERT INTO brouwer VALUES(1353,'ZHIGULI',' URSS');
INSERT INTO brouwer VALUES(1354,'ZYVIEC','  POL');
CREATE TABLE kroeg (`kroegcode` int, `naam` varchar(50), `adres` varchar(50), `plaats` varchar(30));
INSERT INTO kroeg VALUES(1,'IN DE ZOTTE WILG','UITERWG 27 -A','AALSMEER');
INSERT INTO kroeg VALUES(2,'BORDEAUX','GROTE MARKT 75','ALMERE');
INSERT INTO kroeg VALUES(3,'PANNENKOEKENBOOT','SLUISKADE 3','ALMERE');
INSERT INTO kroeg VALUES(4,'QUERELLE SWING CAFE','JULIANASTR 32','ALPHEN AD RYN');
INSERT INTO kroeg VALUES(5,'FILMHUIS','GROENMARKT 8','AMERSFOORT');
INSERT INTO kroeg VALUES(6,'VAN ZANTEN','BLOEMENDALSESTR. 2','AMERSFOORT');
INSERT INTO kroeg VALUES(7,'AFFOURTIT','KONINGINNEWG 209','AMSTERDAM');
INSERT INTO kroeg VALUES(8,'BLIJBURG AAN ZEE','YBURG 99999 -ONG','AMSTERDAM');
INSERT INTO kroeg VALUES(9,'CASABLANCA','ZEEDK 26','AMSTERDAM');
INSERT INTO kroeg VALUES(10,'CHOC0LATE BAR','1E VD HELSTSTR 62 -A','AMSTERDAM');
INSERT INTO kroeg VALUES(11,'DE DAMPKRING','HANDBOOGSTR 29','AMSTERDAM');
INSERT INTO kroeg VALUES(12,'DE DUVEL','1E VD HELSTSTR 59 -61','AMSTERDAM');
INSERT INTO kroeg VALUES(13,'DE FONTEYN','NIEUWMARKT 13 -15','AMSTERDAM');
INSERT INTO kroeg VALUES(14,'DE GROENE VLINDER','1E VD HELSTSTR/A CUYPSTR 130 56','AMSTERDAM');
INSERT INTO kroeg VALUES(15,'DE SLUYSWACHT','JODENBREESTR 1','AMSTERDAM');
INSERT INTO kroeg VALUES(16,'DE STAALMEESTERS','KLOVENIERSBURGWAL 127 -HS','AMSTERDAM');
INSERT INTO kroeg VALUES(17,'DE TOOG','N BEETSSTR 142','AMSTERDAM');
INSERT INTO kroeg VALUES(18,'DE VERGULDE GAPER','PRINSENSTR 30','AMSTERDAM');
INSERT INTO kroeg VALUES(19,'FESTINA LENTE','LOOIERSGR 40 -B','AMSTERDAM');
INSERT INTO kroeg VALUES(20,'HAARLEMS KOFFIEHUIS','PR HENDRIKKD 36','AMSTERDAM');
INSERT INTO kroeg VALUES(21,'HERENGRACHT','HERENGR 435','AMSTERDAM');
INSERT INTO kroeg VALUES(22,'HERMES','ORLYPLN 150','AMSTERDAM');
INSERT INTO kroeg VALUES(23,'HET BLAAUWHOOFT','H JONKERPLN 1','AMSTERDAM');
INSERT INTO kroeg VALUES(24,'HET PAKHUIS','VOETBOOGSTR 10 -12','AMSTERDAM');
INSERT INTO kroeg VALUES(25,'HILL STREET BLUES','WARMOESSTR 52','AMSTERDAM');
INSERT INTO kroeg VALUES(26,'KATOEN','OUDE TURFMARKT 153','AMSTERDAM');
INSERT INTO kroeg VALUES(27,'KRITERION THEATER','ROETERSSTR 170','AMSTERDAM');
INSERT INTO kroeg VALUES(28,'LUXEMBOURG','SPUI 22 -24','AMSTERDAM');
INSERT INTO kroeg VALUES(29,'MULLIGAN S','AMSTEL (HK) 100','AMSTERDAM');
INSERT INTO kroeg VALUES(30,'O REILLY S','PALEISSTR 103 -105','AMSTERDAM');
INSERT INTO kroeg VALUES(31,'POCO LOCO','NIEUWMARKT 24','AMSTERDAM');
INSERT INTO kroeg VALUES(32,'PUFFELEN','PRINSENGR 375 -377','AMSTERDAM');
INSERT INTO kroeg VALUES(33,'SPANJER & VAN TWIST','LELIEGR 60','AMSTERDAM');
INSERT INTO kroeg VALUES(34,'T MOLENPAD','PRINSENGR 653','AMSTERDAM');
INSERT INTO kroeg VALUES(35,'TABAC','BROUWERSGR 101','AMSTERDAM');
INSERT INTO kroeg VALUES(36,'TER BRUGGE','OVERTOOM 578','AMSTERDAM');
INSERT INTO kroeg VALUES(37,'TETRA','NIEUWEZ VOORBURGW 89','AMSTERDAM');
INSERT INTO kroeg VALUES(38,'THE GETAWAY','NIEUWEZ VOORBURGW 250','AMSTERDAM');
INSERT INTO kroeg VALUES(39,'WESTERGAS TERRAS','KLONNEPLN 2','AMSTERDAM');
INSERT INTO kroeg VALUES(40,'WILDSCHUT','R HARTPLN 1 -5','AMSTERDAM');
INSERT INTO kroeg VALUES(41,'BLUESCAFE','NIEUWSTR 74 -A','APELDOORN');
INSERT INTO kroeg VALUES(42,'HEEMSKERK','MUSSCHENBROEKSTR 25','APELDOORN');
INSERT INTO kroeg VALUES(43,'BAR MENEER JANSEN','WIJKSTRAAT 47','APPINGEDAM');
INSERT INTO kroeg VALUES(44,'JOEY BAR','DIJKSTRAAT 4','APPINGEDAM');
INSERT INTO kroeg VALUES(45,'ALT ARCE','RAADHUISPLN 16','ARCEN');
INSERT INTO kroeg VALUES(46,'JAN VAN HOEK','MARKT 12','ASTEN');
INSERT INTO kroeg VALUES(47,'T SPEKTAKEL','PR BERNHARDSTR 44 -46','ASTEN');
INSERT INTO kroeg VALUES(48,'DE LINDEBOOM','STATIONSSTR 9 11','BAARLE NASSAU');
INSERT INTO kroeg VALUES(49,'HERTOG JAN','SINGEL 18','BAARLE NASSAU');
INSERT INTO kroeg VALUES(50,'DE KERKBRINK','DE BRINK 12','BAARN');
INSERT INTO kroeg VALUES(51,'HEEREN VAN BARENDRECHT','MIDDENBAAN 99','BARENDRECHT');
INSERT INTO kroeg VALUES(52,'DE HEBBERD','J. V. SCHAFFELAARSTR. 61','BARNEVELD');
INSERT INTO kroeg VALUES(53,'DE ROOSBERG','BAVELSE HEI 9','BAVEL');
INSERT INTO kroeg VALUES(54,'TROUBADOUR','MARKT 7','BEESEL');
INSERT INTO kroeg VALUES(55,'FABELS','OUDE PRINSWG 9','BERGEN');
INSERT INTO kroeg VALUES(56,'NERO GRANDCAFE RESTAURANT','BREELN 5','BERGEN');
INSERT INTO kroeg VALUES(57,'DE TEERKAMER','GRT MARKT 13 -14A','BERGEN OP ZOOM');
INSERT INTO kroeg VALUES(58,'LIAN BAR','HOF 29','BERGEYK');
INSERT INTO kroeg VALUES(59,'RIKS CAFE','HOF 20','BERGEYK');
INSERT INTO kroeg VALUES(60,'DE WITTE ZWAAN','HOOGSTR 30','BERLICUM');
INSERT INTO kroeg VALUES(61,'FRAPPANT','MILROOYSEWG 28','BERLICUM');
INSERT INTO kroeg VALUES(62,'D N BEL','MARKT 50','BLADEL');
INSERT INTO kroeg VALUES(63,'IN DE GOUWEGEIT','SNIEDERSLN 6','BLADEL');
INSERT INTO kroeg VALUES(64,'T CARILLON','MARKT 2','BLADEL');
INSERT INTO kroeg VALUES(65,'BAR BECOLOTH','ROZEMARYNSTR 2-2A','BOXTEL');
INSERT INTO kroeg VALUES(66,'BOERKE VERSCHUREN','GINNEKENMARKT 13','BREDA');
INSERT INTO kroeg VALUES(67,'DE BOSCHWACHTER','HUISDREEF 4','BREDA');
INSERT INTO kroeg VALUES(68,'DE FRANCISKANER','GRT MARKT 31','BREDA');
INSERT INTO kroeg VALUES(69,'DE KOGELVANGER','GALDERSEWG 55','BREDA');
INSERT INTO kroeg VALUES(70,'DE PASTORIE','GRT MARKT 48','BREDA');
INSERT INTO kroeg VALUES(71,'DE YPELAAR','TROMPENBURGSTR 4','BREDA');
INSERT INTO kroeg VALUES(72,'DEPENDANCE','VISMARKTSTR 2','BREDA');
INSERT INTO kroeg VALUES(73,'HOEGAARDEN','GRT MARKT 52','BREDA');
INSERT INTO kroeg VALUES(74,'INDOOR FUNCENTRE BREDA','MYKENBROEK 27','BREDA');
INSERT INTO kroeg VALUES(75,'LA RAMBLA','GRT MARKT 7','BREDA');
INSERT INTO kroeg VALUES(76,'PACKHUYS','SPEELHUISLAAN 150','BREDA');
INSERT INTO kroeg VALUES(77,'T T HUIS','J F KENNEDYLN 15','BREDA');
INSERT INTO kroeg VALUES(78,'T TAPPERIJKE','GRT MARKT 61','BREDA');
INSERT INTO kroeg VALUES(79,'THE PADDOCK','GRT MARKT 20','BREDA');
INSERT INTO kroeg VALUES(80,'VAN HAM','V COOTHPLN 23','BREDA');
INSERT INTO kroeg VALUES(81,'YOUNITED BREDA','HAMBROEKLN 1','BREDA');
INSERT INTO kroeg VALUES(82,'IN HOLLAND','SCHOOTSENHOEK 23','CASTELRE');
INSERT INTO kroeg VALUES(83,'T CHAAMSE WAPEN','DORPSSTR 44 -46','CHAAM');
INSERT INTO kroeg VALUES(84,'DE POORTWACHTER','EVERWYNSTR 27 -2A','CULEMBORG');
INSERT INTO kroeg VALUES(85,'FRESH FASHION DE VERLEIDING','TOLLENSTR 26','CULEMBORG');
INSERT INTO kroeg VALUES(86,'APARTHOTEL REKREATIECENTR DELDEN','SPORTLN 7','DELDEN');
INSERT INTO kroeg VALUES(87,'DE ENGEL','MARKT 66 -A-B','DELFT');
INSERT INTO kroeg VALUES(88,'DE RUIF','KERKSTR 23','DELFT');
INSERT INTO kroeg VALUES(89,'BOEGSCHROEF','HANDELSKADE 12','DELFZIJL');
INSERT INTO kroeg VALUES(90,'DU BASTION','WATERSTRAAT 78','DELFZIJL');
INSERT INTO kroeg VALUES(91,'EEMS HOTEL','ZEEBADWEG 2','DELFZIJL');
INSERT INTO kroeg VALUES(92,'T LOKAAL','SCHOOLSTRAAT 27','DELFZIJL');
INSERT INTO kroeg VALUES(93,'PANNEKOECKERSHUYS','RUITENSPOOR 51','DEN HOUT');
INSERT INTO kroeg VALUES(94,'BEEKMAN EN BEEKMAN','MARKT 8','DEURNE');
INSERT INTO kroeg VALUES(95,'DE BUREN VAN SCHIMMELPENNINCK','BRINK 22','DEVENTER');
INSERT INTO kroeg VALUES(96,'PASSE PARTOUT','BRINK 7 -8','DEVENTER');
INSERT INTO kroeg VALUES(97,'TV ZANDLIGT','DE BUSKES','DIESSEN');
INSERT INTO kroeg VALUES(98,'DINGSPILHUUS','HOOFDSTRAAT 88','DIEVER');
INSERT INTO kroeg VALUES(99,'JANSSEN JANSSEN','HG HAM 59','DONGEN');
INSERT INTO kroeg VALUES(100,'BACCHUS','BLAUWPOORTSPLEIN 13-14','DORDRECHT');
INSERT INTO kroeg VALUES(101,'LEKKER BELANGRIJK','VOORSTR 256 256A','DORDRECHT');
INSERT INTO kroeg VALUES(102,'MIRO','VOORSTRAAT 256 b','DORDRECHT');
INSERT INTO kroeg VALUES(103,'SAMSAM','VOORSTRAAT 202','DORDRECHT');
INSERT INTO kroeg VALUES(104,'HOENDERDAAL','HOENDERSTEEG 7','DRIEBERGEN');
INSERT INTO kroeg VALUES(105,'BOVEN WATER','NW JACHTHAVEN 13','DRIMMELEN');
INSERT INTO kroeg VALUES(106,'DE KOMBUIS','NW JACHTHAVEN 60','DRIMMELEN');
INSERT INTO kroeg VALUES(107,'DE BENGEL','MARKT 13','EERSEL');
INSERT INTO kroeg VALUES(108,'DE MERT','MARKT 12','EERSEL');
INSERT INTO kroeg VALUES(109,'DE PIJP','NIEUWSTR 2','EERSEL');
INSERT INTO kroeg VALUES(110,'T MASTEBOLLEKE','MARKT 14 -16','EERSEL');
INSERT INTO kroeg VALUES(111,'T WAPEN VAN EGMOND','VOORSTR 150 -152','EGMOND AAN ZEE');
INSERT INTO kroeg VALUES(112,'ALTSTADT','STRATUMSEIND 71','EINDHOVEN');
INSERT INTO kroeg VALUES(113,'BERLAGE','KL BERG 16','EINDHOVEN');
INSERT INTO kroeg VALUES(114,'CASINO','AALSTERWG 184','EINDHOVEN');
INSERT INTO kroeg VALUES(115,'DE BARON','KL BERG 26','EINDHOVEN');
INSERT INTO kroeg VALUES(116,'DE KRAM','STRATUMSEIND 42','EINDHOVEN');
INSERT INTO kroeg VALUES(117,'HOOGSTE TIJD','VRYSTR 38','EINDHOVEN');
INSERT INTO kroeg VALUES(118,'T ROZENKNOPJE','HOOGSTR 59','EINDHOVEN');
INSERT INTO kroeg VALUES(119,'T VONDERKE','L NAPOLEONPLN 9','EINDHOVEN');
INSERT INTO kroeg VALUES(120,'THUNDERROADHOUSE','STRATUMSEIND 105','EINDHOVEN');
INSERT INTO kroeg VALUES(121,'TIPSY DUCK PUB','STRATUMSEIND 26','EINDHOVEN');
INSERT INTO kroeg VALUES(122,'WILHELMINA','WILHELMINAPLN 6','EINDHOVEN');
INSERT INTO kroeg VALUES(123,'DE MIDDENSTIP','HOOFDSTR 46','EPE');
INSERT INTO kroeg VALUES(124,'DE POSTHOORN','MARKT 1','EPE');
INSERT INTO kroeg VALUES(125,'T TONNETJE','W TELLSTR 11','EPE');
INSERT INTO kroeg VALUES(126,'IN DEN BOCKENREIJDER','DUNSEDK 3','ESBEEK');
INSERT INTO kroeg VALUES(127,'BURGEMEESTER','MARKT 40','ETTEN LEUR');
INSERT INTO kroeg VALUES(128,'HET WITTE PAARD','OUDE BREDASEWG 15','ETTEN LEUR');
INSERT INTO kroeg VALUES(129,'ZUS & ZO','RAADHUISPLN 37','ETTEN LEUR');
INSERT INTO kroeg VALUES(130,'HUIS TEN BOS','MARKT 43','GEERTRUIDENBERG');
INSERT INTO kroeg VALUES(131,'DE CLOWN','LANGSTR 99','GELDROP');
INSERT INTO kroeg VALUES(132,'DE KROEG','BOGARDEIND 203','GELDROP');
INSERT INTO kroeg VALUES(133,'T WAPEN VAN ZES GEHUCHTEN','HG GELDROP 158','GELDROP');
INSERT INTO kroeg VALUES(134,'ALLEMAN','VIRMUNDTSTR 47','GEMERT');
INSERT INTO kroeg VALUES(135,'EETCAFE BULLS','DS T.O. HYLKEMAWEG 40','GIETHOORN');
INSERT INTO kroeg VALUES(136,'EETCAFE DE SLOOTHAAK','BINNENPAD 141','GIETHOORN');
INSERT INTO kroeg VALUES(137,'DE TIP','BIS. DE VETPLEIN 4','GILZE');
INSERT INTO kroeg VALUES(138,'DEN BROOY','CHAAMSEWG 21','GILZE');
INSERT INTO kroeg VALUES(139,'GILZE','L WAGENSTR 30','GILZE');
INSERT INTO kroeg VALUES(140,'GRANDCAFE T GELAGH','VARKENMARKT 17','GORINCHEM');
INSERT INTO kroeg VALUES(141,'GERAATS','MARKT 5','GRATHEM');
INSERT INTO kroeg VALUES(142,'BUCKSHOT','GED ZUIDERDIEP 58 -58A','GRONINGEN');
INSERT INTO kroeg VALUES(143,'DE WOLTHOORN','TURFTORENSTR 6 -6A','GRONINGEN');
INSERT INTO kroeg VALUES(144,'PINTELIER','KL KR ELLEBOOG 9','GRONINGEN');
INSERT INTO kroeg VALUES(145,'MICHELS','HAARENDK 4','HAAREN');
INSERT INTO kroeg VALUES(146,'OUT OF THE BLUES','KL HOUTSTR 65','HAARLEM');
INSERT INTO kroeg VALUES(147,'STUDIO CV','GRT MARKT 25','HAARLEM');
INSERT INTO kroeg VALUES(148,'T PLEINTJE','KERKSTR 51','HAPERT');
INSERT INTO kroeg VALUES(149,'CAFE DE COMPAGNIE','PRINSENGRACHT 29','HASSELT');
INSERT INTO kroeg VALUES(150,'LOKAAL','A VERHERENTSTR 5','HEEMSKERK');
INSERT INTO kroeg VALUES(151,'DE ROOSTER','DORPSSTR 33','HEERDE');
INSERT INTO kroeg VALUES(152,'PELT','PANCRATIUSPLN 48','HEERLEN');
INSERT INTO kroeg VALUES(153,'T FIELJAAL','PANCRATIUSPLN 4','HEERLEN');
INSERT INTO kroeg VALUES(154,'OUDE HAVEN','HAVENKADE 1','HENDRIK IDO AMBACHT');
INSERT INTO kroeg VALUES(155,'DE BRINK VIJF','BRINKSTR 5','HENGELO');
INSERT INTO kroeg VALUES(156,'ST LOUIS','EMMAWG 18','HENGELO');
INSERT INTO kroeg VALUES(157,'STRAVINSKY','BURG JANSENPLN 20','HENGELO');
INSERT INTO kroeg VALUES(158,'KAFFEE LOMMUS','VORSTERMANSPLN 24 -A','HEUSDEN');
INSERT INTO kroeg VALUES(159,'ZWALUWHOEVE','ZUIDERZEESTRWG 108','HIERDEN');
INSERT INTO kroeg VALUES(160,'DE ZWAAN','VRIJTHOF 17','HILVARENBEEK');
INSERT INTO kroeg VALUES(161,'SCHOUWKE','VRIJTHOF 18','HILVARENBEEK');
INSERT INTO kroeg VALUES(162,'DE BEURS','GASTHUISSTR 27','HORST');
INSERT INTO kroeg VALUES(163,'HET CENTRUM','WILHELMINAPLN 13','HORST');
INSERT INTO kroeg VALUES(164,'DE ZWIJGER','PLEIN 21','HOUTEN');
INSERT INTO kroeg VALUES(165,'IN DEN BLAUWEN BOCK','BADSTR 9','KATWYK');
INSERT INTO kroeg VALUES(166,'SCOOBIES','VOORSTR 3','KATWYK');
INSERT INTO kroeg VALUES(167,'CAFE DE KLOK','MOLENSTRAAT 117','KINDERDIJK');
INSERT INTO kroeg VALUES(168,'DE KEMPEN','HET GROEN 14','KNEGSEL');
INSERT INTO kroeg VALUES(169,'KORENBEURS','MARKT 6','KRUININGEN');
INSERT INTO kroeg VALUES(170,'DE DIKKE VAN DALE','NIEUWESTAD 69','LEEUWARDEN');
INSERT INTO kroeg VALUES(171,'DE KOPEREN TUIN','PRINSENTUIN 1','LEEUWARDEN');
INSERT INTO kroeg VALUES(172,'CAMINO REAL','DOELENSTEEG 8','LEIDEN');
INSERT INTO kroeg VALUES(173,'DE BURCHT','BURGSTG 14','LEIDEN');
INSERT INTO kroeg VALUES(174,'SSR LEIDEN','HOGEWOERD 108','LEIDEN');
INSERT INTO kroeg VALUES(175,'T PRAETHUYS','VROUWENKERKK STR 9','LEIDEN');
INSERT INTO kroeg VALUES(176,'DE DIKKE','ZWARTEWEG 3','LEUSDEN');
INSERT INTO kroeg VALUES(177,'DE DRIE LINDEN','RYT 2','LUYKSGESTEL');
INSERT INTO kroeg VALUES(178,'CELEBRATION','VRYTHOF 11 -11A','MAASTRICHT');
INSERT INTO kroeg VALUES(179,'D ARTAGNAN','GRAANMARKT 3','MAASTRICHT');
INSERT INTO kroeg VALUES(180,'D INGEL','VRYTHOF 13','MAASTRICHT');
INSERT INTO kroeg VALUES(181,'PERROEN','VRYTHOF 35','MAASTRICHT');
INSERT INTO kroeg VALUES(182,'REKKO','VRYTHOF 10','MAASTRICHT');
INSERT INTO kroeg VALUES(183,'THEATER CLINIQUE','PLATIELSTR 9 -A','MAASTRICHT');
INSERT INTO kroeg VALUES(184,'T HART VAN MADE','MARKTSTR 40','MADE');
INSERT INTO kroeg VALUES(185,'T TREFPUNT','RAADHUISPLN 1 -A','MADE');
INSERT INTO kroeg VALUES(186,'CAFE CLOUSO','ZUIDEINDE 25','MEPPEL');
INSERT INTO kroeg VALUES(187,'CAFE DE BOEMEL','ZUIDEINDE 27','MEPPEL');
INSERT INTO kroeg VALUES(188,'HERBERG ''T PLEIN','PRINSENGRACHT 1','MEPPEL');
INSERT INTO kroeg VALUES(189,'UNREAL CAFE','P. DE HOOCHSTRAAT 22','MEPPEL');
INSERT INTO kroeg VALUES(190,'BOMMEL','MARKT 85','MIDDELBURG');
INSERT INTO kroeg VALUES(191,'DE GEERE','LANGEVIELE 51 -53','MIDDELBURG');
INSERT INTO kroeg VALUES(192,'DE HERBERG','POTTENMARKT 2','MIDDELBURG');
INSERT INTO kroeg VALUES(193,'GASTERIJ SMITS','HOOFDWEG 170','MIDWOLDA');
INSERT INTO kroeg VALUES(194,'DE ZEEMEEUW','ZEEGWEG 1 a','MUIDERBERG');
INSERT INTO kroeg VALUES(195,'T TORP VOF','DRIESSENSSTRAAT 9-11','NEERITTER');
INSERT INTO kroeg VALUES(196,'HET WAPEN VAN NIEUW BEIJERLAND','SPUIDK 15','NIEUW BEYERLAND');
INSERT INTO kroeg VALUES(197,'DE BUURVROUW','MARKT 6 -7','NIEUWEGEIN');
INSERT INTO kroeg VALUES(198,'DE ZWIJGER','MARKT 8','NIEUWEGEIN');
INSERT INTO kroeg VALUES(199,'JACK S GRILL HOUSE','PARKHOUT 2','NIEUWEGEIN');
INSERT INTO kroeg VALUES(200,'VAN RIJCKE VORSEL','BLAARDORPSEWG 1','NIEUWERKERK AD YSSEL');
INSERT INTO kroeg VALUES(201,'DE ZUIDWAL','HULCKESTEYN 2','NIJKERK');
INSERT INTO kroeg VALUES(202,'NSVV','WILHELMINASTR 2 -BY','NUMANSDORP');
INSERT INTO kroeg VALUES(203,'DE ZAAK','STATIONSLN 19','NUNSPEET');
INSERT INTO kroeg VALUES(204,'DE WITTE HOEVE','VASSERWG 34','NUTTER');
INSERT INTO kroeg VALUES(205,'DORPSZICHT','DORPSSTR 10','OENE');
INSERT INTO kroeg VALUES(206,'HEUVEL 3','HEUVEL 3','OOSTERHOUT');
INSERT INTO kroeg VALUES(207,'UILENBOS OGC','DUKAATSTR 21','OOSTERHOUT');
INSERT INTO kroeg VALUES(208,'OSSENVOORT','GROTESTR 30','OOTMARSUM');
INSERT INTO kroeg VALUES(209,'DE DORPSHERBERG','CASSEWEG 1 a','OSPEL');
INSERT INTO kroeg VALUES(210,'DE ONTMOETING','EIKENBOOMGAARD 8','OSS');
INSERT INTO kroeg VALUES(211,'HEEREN VAN BEIJERLAND','MARKTPLN 2','OUD BEYERLAND');
INSERT INTO kroeg VALUES(212,'T OUDE POSTKANTOOR','W VOORSTR 23','OUD BEYERLAND');
INSERT INTO kroeg VALUES(213,'THE GAZ STATION','RAADHUISPLN 21','PANNINGEN');
INSERT INTO kroeg VALUES(214,'TIJDLOOS','STELLINGMOLEN 178','PAPENDRECHT');
INSERT INTO kroeg VALUES(215,'DE STEE','HAVERDK 14','PRINSENBEEK');
INSERT INTO kroeg VALUES(216,'DE SWAEN','MARKT 29','PRINSENBEEK');
INSERT INTO kroeg VALUES(217,'KORBELD','OUDE LINDERTSEWG 6','RAALTE');
INSERT INTO kroeg VALUES(218,'TAVEERNE TIVOLIE','ZWOLSESTRAAT 25','RAALTE');
INSERT INTO kroeg VALUES(219,'HEEREHUYS','HEEREPLN 1','RAAMSDONKSVEER');
INSERT INTO kroeg VALUES(220,'T VEERHUIS','MAASDK 33','RAVENSTEIN');
INSERT INTO kroeg VALUES(221,'LA GARE','WILHELMINALN 46','REUSEL');
INSERT INTO kroeg VALUES(222,'RUST WAT','LINGEDK 16','RHENOY');
INSERT INTO kroeg VALUES(223,'TV RIEL','MEYERY 39','RIEL');
INSERT INTO kroeg VALUES(224,'DE SLEUTEL','DORPSSTR 1 -A','RIETHOVEN');
INSERT INTO kroeg VALUES(225,'THAIPHOON','ZWARTBROEKSTR. 31','ROERMOND');
INSERT INTO kroeg VALUES(226,'ZAAL ACHT','ZWARTBROEKSTR. 27','ROERMOND');
INSERT INTO kroeg VALUES(227,'DE MORIAAN ETEN EN DRINKEN','TONGERLOPLN 9','ROOSENDAAL');
INSERT INTO kroeg VALUES(228,'HEKSENKETEL','MOLENSTR 60','ROOSENDAAL');
INSERT INTO kroeg VALUES(229,'MOEDER OVERSTE','MARKT 22','ROOSENDAAL');
INSERT INTO kroeg VALUES(230,'DE TUIN','PLASZOOM 354','ROTTERDAM');
INSERT INTO kroeg VALUES(231,'HOV','BOSDREEF 120','ROTTERDAM');
INSERT INTO kroeg VALUES(232,'IJSCLUB KRALINGEN','YSCLUBDWARSSTR 1','ROTTERDAM');
INSERT INTO kroeg VALUES(233,'OP STAANDE VOET','STRAATWG 56 -A','ROTTERDAM');
INSERT INTO kroeg VALUES(234,'SPOT THE LOONY','BEYERLANDSELN 33','ROTTERDAM');
INSERT INTO kroeg VALUES(235,'STALLES','NW BINNENWG 11 -A','ROTTERDAM');
INSERT INTO kroeg VALUES(236,'T BOLWERK','GELDERSEKD 1 -A-C','ROTTERDAM');
INSERT INTO kroeg VALUES(237,'T BOERKE','HOOFDSTR 72','RYEN');
INSERT INTO kroeg VALUES(238,'OUDE BAREEL','BREDASEWG 31','RYSBERGEN');
INSERT INTO kroeg VALUES(239,'BERGER','PLEIN 18','S GRAVENHAGE');
INSERT INTO kroeg VALUES(240,'FLOOW','PLEIN 22','S GRAVENHAGE');
INSERT INTO kroeg VALUES(241,'HAAGSCHE KLUISCH','PLEIN 20','S GRAVENHAGE');
INSERT INTO kroeg VALUES(242,'LAFAYETTE','PLEIN 15','S GRAVENHAGE');
INSERT INTO kroeg VALUES(243,'LE BYBLOS','K POTEN 1','S GRAVENHAGE');
INSERT INTO kroeg VALUES(244,'LEOPOLD','PLEIN 17','S GRAVENHAGE');
INSERT INTO kroeg VALUES(245,'SCHLEMMER','L HOUTSTR 17','S GRAVENHAGE');
INSERT INTO kroeg VALUES(246,'SILLY S','GRT MARKT 25','S GRAVENHAGE');
INSERT INTO kroeg VALUES(247,'CORDES','PARADE 4','S HERTOGENBOSCH');
INSERT INTO kroeg VALUES(248,'CUBA LIBRE','PARADE 5','S HERTOGENBOSCH');
INSERT INTO kroeg VALUES(249,'DE HAVERKIST','KORENBRUGSTR 1 -3','S HERTOGENBOSCH');
INSERT INTO kroeg VALUES(250,'DE KEULSE KAR','HINTHAMERSTR (HK) 101','S HERTOGENBOSCH');
INSERT INTO kroeg VALUES(251,'DE KEULSE KAR','HINTHAMERSTR (HK) 101','S HERTOGENBOSCH');
INSERT INTO kroeg VALUES(252,'HET VEULEN','KORENBRUGSTR 9 -A','S HERTOGENBOSCH');
INSERT INTO kroeg VALUES(253,'IN DE KLEINE WERELT','MARKT 10 -12','S HERTOGENBOSCH');
INSERT INTO kroeg VALUES(254,'SILVA DUCIS','PARADE 6 -7','S HERTOGENBOSCH');
INSERT INTO kroeg VALUES(255,'DE GOUDEN ENGEL','MARKT 17','SCHAGEN');
INSERT INTO kroeg VALUES(256,'BESTEK','OPWG 2','SCHOONHOVEN');
INSERT INTO kroeg VALUES(257,'JANSEN EN JANSEN','MARKT 23','SCHYNDEL');
INSERT INTO kroeg VALUES(258,'D N HEMEL','MARKT 39','SITTARD');
INSERT INTO kroeg VALUES(259,'ROUTE 66','PAARDESTR 3','SITTARD');
INSERT INTO kroeg VALUES(260,'HEEREN VAN SLIEDRECHT','STATIONSPLEIN 8','SLIEDRECHT');
INSERT INTO kroeg VALUES(261,'CENTRAAL','WILHELMINAPLN 3','SOMEREN');
INSERT INTO kroeg VALUES(262,'T SONNEKE','NIEUWSTR 25','SON');
INSERT INTO kroeg VALUES(263,'DE KEYZER','VOORSTR 15','SPYKENISSE');
INSERT INTO kroeg VALUES(264,'CAFE DE TWEE','HOOFDSTRAAT 14','STADSKANAAL');
INSERT INTO kroeg VALUES(265,'IN DE WALLEVIS','KADE 2','STEENBERGEN');
INSERT INTO kroeg VALUES(266,'T WAPEN VAN STREEFKERK','KERKSTR 13','STREEFKERK');
INSERT INTO kroeg VALUES(267,'T BAEKSKE','MARKTSTRAAT 8-10','SWALMEN');
INSERT INTO kroeg VALUES(268,'GONZO BAR','GROTESTRAAT 77-79','TEGELEN');
INSERT INTO kroeg VALUES(269,'STACCATO','GROTESTRAAT 82','TEGELEN');
INSERT INTO kroeg VALUES(270,'HARMONIE THORN','BOGENSTRAAT 8','THORN');
INSERT INTO kroeg VALUES(271,'BOEKANIER','STADHUISSTRAAT 11','TILBURG');
INSERT INTO kroeg VALUES(272,'BOOGIE WONDERLAND','PIUSPLN 6 -A','TILBURG');
INSERT INTO kroeg VALUES(273,'DE PLAATS','PIUSPLN 61','TILBURG');
INSERT INTO kroeg VALUES(274,'DE VOORTUIN','TUINSTR 4','TILBURG');
INSERT INTO kroeg VALUES(275,'DE ZEVEN GEITJES','ROESHOFDIJK 18','TILBURG');
INSERT INTO kroeg VALUES(276,'EXTASE','HEUVELRING 112','TILBURG');
INSERT INTO kroeg VALUES(277,'HET BRUIN KAFEE','PIUSPLN 5','TILBURG');
INSERT INTO kroeg VALUES(278,'HEUVEL 15','HEUVEL 15 -A','TILBURG');
INSERT INTO kroeg VALUES(279,'HOEGAARDEN TILBURG','PIUSPLN 2 -2A','TILBURG');
INSERT INTO kroeg VALUES(280,'KAREL','HEUVEL 24','TILBURG');
INSERT INTO kroeg VALUES(281,'POLLY MAGGOO','HEUVEL 10','TILBURG');
INSERT INTO kroeg VALUES(282,'TRIBUNAAL','HEUVEL 14','TILBURG');
INSERT INTO kroeg VALUES(283,'UIT','HEUVEL (HK) 18','TILBURG');
INSERT INTO kroeg VALUES(284,'VOSSENHOLE','REESHOFWEG 55','TILBURG');
INSERT INTO kroeg VALUES(285,'WAPEN VAN TILBURG','SPOORLAAN 362','TILBURG');
INSERT INTO kroeg VALUES(286,'CAFE DE KARRE','TUKSEWEG 115','TUK');
INSERT INTO kroeg VALUES(287,'T CAFEEKE','MARKT 2 -4','UDEN');
INSERT INTO kroeg VALUES(288,'T STULPKE','MARKT 7','UDEN');
INSERT INTO kroeg VALUES(289,'HEERENPLEIN UTRECHT','LUCASBOLWERK 1 -H','UTRECHT');
INSERT INTO kroeg VALUES(290,'ABSOLUUT','MARKT 64','VALKENSWAARD');
INSERT INTO kroeg VALUES(291,'CAFE BASS','MARKT 16','VALKENSWAARD');
INSERT INTO kroeg VALUES(292,'CAFE DE SLEUTEL','MARKT 20','VALKENSWAARD');
INSERT INTO kroeg VALUES(293,'CAFE DE SWAEN','MARKT 29','VALKENSWAARD');
INSERT INTO kroeg VALUES(294,'CAFE SUYKERBUYK','LUIKERWEG 145','VALKENSWAARD');
INSERT INTO kroeg VALUES(295,'CAFE ZOMERHOF','MAASTRICHTERWEG 265','VALKENSWAARD');
INSERT INTO kroeg VALUES(296,'DE BEL','MARKT 24 -26','VALKENSWAARD');
INSERT INTO kroeg VALUES(297,'DE BOUT','DORPSTRAAT 39','VALKENSWAARD');
INSERT INTO kroeg VALUES(298,'DE FANTAST','F V BESTSTR 9','VALKENSWAARD');
INSERT INTO kroeg VALUES(299,'DE VALK','WILHELMINALAAN 48','VALKENSWAARD');
INSERT INTO kroeg VALUES(300,'MILLY''S','MARKT 49','VALKENSWAARD');
INSERT INTO kroeg VALUES(301,'OLD DUTCH','MARKT 22','VALKENSWAARD');
INSERT INTO kroeg VALUES(302,'T HART VAN VEGHEL','MARKT 31','VEGHEL');
INSERT INTO kroeg VALUES(303,'DE LOCHT','LOCHT 14','VELDHOVEN');
INSERT INTO kroeg VALUES(304,'SAINT TROPEZ','DORPSTR 15','VELDHOVEN');
INSERT INTO kroeg VALUES(305,'OLD DUTCH','MARKT 21','VENLO');
INSERT INTO kroeg VALUES(306,'DE VOSSENBERG','ELSPETERBOSWG 1','VIERHOUTEN');
INSERT INTO kroeg VALUES(307,'THIJSSEN','PASTORIESTR 20','VLIERDEN');
INSERT INTO kroeg VALUES(308,'DE LEUGENAAR','BOULEV BANKERT 132','VLISSINGEN');
INSERT INTO kroeg VALUES(309,'MONTPERNASSE','M DE RUYTERPLN 1','VLISSINGEN');
INSERT INTO kroeg VALUES(310,'POPEYE','NIEUWENDK 7','VLISSINGEN');
INSERT INTO kroeg VALUES(311,'DE PINTELIER','VALKENBURGERWG 33','VOERENDAAL');
INSERT INTO kroeg VALUES(312,'T PANNELAND','VOGELENZANGSED WG 4','VOGELENZANG');
INSERT INTO kroeg VALUES(313,'DE GEREGHTHOF','MARKTVELD 8 -10','VUGHT');
INSERT INTO kroeg VALUES(314,'T GEVELTJE','KERKSTR 10','VUGHT');
INSERT INTO kroeg VALUES(315,'DE MEESTER','GROTESTR 198','WAALWYK');
INSERT INTO kroeg VALUES(316,'MARQUIS','GROTESTR 246','WAALWYK');
INSERT INTO kroeg VALUES(317,'BOSPOP 2005','VRAKKERVELD 2','WEERT');
INSERT INTO kroeg VALUES(318,'CAFE BLAAKVEN','GEUZENDIJK 35','WEERT');
INSERT INTO kroeg VALUES(319,'CAFE DU COMMERCE','LANGSTRAAT 65','WEERT');
INSERT INTO kroeg VALUES(320,'CAFE GOTCHA','BEEKSTRAAT 49','WEERT');
INSERT INTO kroeg VALUES(321,'CAFE HARMONIE','MUNTPROMENADE 6','WEERT');
INSERT INTO kroeg VALUES(322,'CAFE SCHUTTERSHOEVE','GROTE STEEG 10','WEERT');
INSERT INTO kroeg VALUES(323,'DE BOSUIL','VRAKKERVELD 2 c','WEERT');
INSERT INTO kroeg VALUES(324,'DE BROUWER','OELEMARKT 17-19','WEERT');
INSERT INTO kroeg VALUES(325,'HET HOFJE','DE OUDE SCHUT 9','WEERT');
INSERT INTO kroeg VALUES(326,'LUNCHROOM BEKX','MARKT 17','WEERT');
INSERT INTO kroeg VALUES(327,'SLIJTERIJ VD FEESTEN','HOOGVELDSTRAAT 5','WEERT');
INSERT INTO kroeg VALUES(328,'SOC CULTUREEL WERK','BOSCHERWEG 57','WEERT');
INSERT INTO kroeg VALUES(329,'UT INGELKE','KORENMARKT 8','WEERT');
INSERT INTO kroeg VALUES(330,'T PATERKE','KL HEISTR 16','WERNHOUT');
INSERT INTO kroeg VALUES(331,'T VEERHUIS','POLSTR 1','WESSEM');
INSERT INTO kroeg VALUES(332,'CAFE ''T HOF','MARKT 15 a','WIJK BIJ DUURSTEDE');
INSERT INTO kroeg VALUES(333,'VINCHOTTE','MARKTPLN 1 -G','WINSCHOTEN');
INSERT INTO kroeg VALUES(334,'DONKENHOF','ROOSENDAALSESTR 61','WOUW');
INSERT INTO kroeg VALUES(335,'DE BANJAARD','NW HAVEN 23','ZIERIKZEE');
INSERT INTO kroeg VALUES(336,'DE BEUZE','HAVENPLN 7','ZIERIKZEE');
INSERT INTO kroeg VALUES(337,'DE GEKROONDE SUIKERBIET','NW HAVEN 141','ZIERIKZEE');
INSERT INTO kroeg VALUES(338,'DEN BELS','MOLENSTR 148','ZUNDERT');
INSERT INTO kroeg VALUES(339,'DEN HOEK','RUCPHENSEWG 14','ZUNDERT');
INSERT INTO kroeg VALUES(340,'STUYVESANT','BREDASEWG 43','ZUNDERT');
INSERT INTO kroeg VALUES(341,'BELGISCHE KEIZER','MELKMARKT 58','ZWOLLE');
INSERT INTO kroeg VALUES(342,'BIG BULL','LUTTEKESTR 33','ZWOLLE');
INSERT INTO kroeg VALUES(343,'DE BEURS','GRT KERKPLN 2','ZWOLLE');
INSERT INTO kroeg VALUES(344,'IRISH INN','SASSENSTR (HK) 29','ZWOLLE');
INSERT INTO kroeg VALUES(345,'SWING CAFE DE DOCTER','VOORSTRAAT 3-5','ZWOLLE');
CREATE TABLE schenkt (`kroegcode` int, `biercode` int);
INSERT INTO schenkt VALUES(82,1387);
INSERT INTO schenkt VALUES(4,1592);
INSERT INTO schenkt VALUES(24,1104);
INSERT INTO schenkt VALUES(133,274);
INSERT INTO schenkt VALUES(106,568);
INSERT INTO schenkt VALUES(23,1289);
INSERT INTO schenkt VALUES(71,1430);
INSERT INTO schenkt VALUES(49,475);
INSERT INTO schenkt VALUES(48,341);
INSERT INTO schenkt VALUES(71,1568);
INSERT INTO schenkt VALUES(18,606);
INSERT INTO schenkt VALUES(95,313);
INSERT INTO schenkt VALUES(57,1605);
INSERT INTO schenkt VALUES(57,897);
INSERT INTO schenkt VALUES(115,1193);
INSERT INTO schenkt VALUES(56,448);
INSERT INTO schenkt VALUES(11,1034);
INSERT INTO schenkt VALUES(67,43);
INSERT INTO schenkt VALUES(116,774);
INSERT INTO schenkt VALUES(115,339);
INSERT INTO schenkt VALUES(98,1171);
INSERT INTO schenkt VALUES(111,916);
INSERT INTO schenkt VALUES(63,1387);
INSERT INTO schenkt VALUES(48,1097);
INSERT INTO schenkt VALUES(34,1188);
INSERT INTO schenkt VALUES(92,1190);
INSERT INTO schenkt VALUES(70,580);
INSERT INTO schenkt VALUES(68,1574);
INSERT INTO schenkt VALUES(120,277);
INSERT INTO schenkt VALUES(88,905);
INSERT INTO schenkt VALUES(13,957);
INSERT INTO schenkt VALUES(85,399);
INSERT INTO schenkt VALUES(47,1124);
INSERT INTO schenkt VALUES(40,920);
INSERT INTO schenkt VALUES(69,1522);
INSERT INTO schenkt VALUES(138,914);
INSERT INTO schenkt VALUES(134,206);
INSERT INTO schenkt VALUES(10,1135);
INSERT INTO schenkt VALUES(90,1378);
INSERT INTO schenkt VALUES(109,454);
INSERT INTO schenkt VALUES(71,1472);
INSERT INTO schenkt VALUES(142,384);
INSERT INTO schenkt VALUES(99,124);
INSERT INTO schenkt VALUES(138,882);
INSERT INTO schenkt VALUES(11,948);
INSERT INTO schenkt VALUES(25,1069);
INSERT INTO schenkt VALUES(32,1276);
INSERT INTO schenkt VALUES(57,562);
INSERT INTO schenkt VALUES(95,1461);
INSERT INTO schenkt VALUES(62,1144);
INSERT INTO schenkt VALUES(55,1523);
INSERT INTO schenkt VALUES(116,142);
INSERT INTO schenkt VALUES(108,1081);
INSERT INTO schenkt VALUES(51,892);
INSERT INTO schenkt VALUES(70,279);
INSERT INTO schenkt VALUES(69,1148);
INSERT INTO schenkt VALUES(60,32);
INSERT INTO schenkt VALUES(131,984);
INSERT INTO schenkt VALUES(32,682);
INSERT INTO schenkt VALUES(56,272);
INSERT INTO schenkt VALUES(92,1273);
INSERT INTO schenkt VALUES(42,1200);
INSERT INTO schenkt VALUES(136,1471);
INSERT INTO schenkt VALUES(131,837);
INSERT INTO schenkt VALUES(143,1258);
INSERT INTO schenkt VALUES(133,551);
INSERT INTO schenkt VALUES(3,1204);
INSERT INTO schenkt VALUES(105,935);
INSERT INTO schenkt VALUES(17,226);
INSERT INTO schenkt VALUES(91,1077);
INSERT INTO schenkt VALUES(86,328);
INSERT INTO schenkt VALUES(94,687);
INSERT INTO schenkt VALUES(120,87);
INSERT INTO schenkt VALUES(106,547);
INSERT INTO schenkt VALUES(50,995);
INSERT INTO schenkt VALUES(21,925);
INSERT INTO schenkt VALUES(22,1306);
INSERT INTO schenkt VALUES(22,1511);
INSERT INTO schenkt VALUES(134,1340);
INSERT INTO schenkt VALUES(66,1339);
INSERT INTO schenkt VALUES(61,869);
INSERT INTO schenkt VALUES(100,236);
INSERT INTO schenkt VALUES(49,1426);
INSERT INTO schenkt VALUES(51,450);
INSERT INTO schenkt VALUES(47,662);
INSERT INTO schenkt VALUES(37,405);
INSERT INTO schenkt VALUES(33,1097);
INSERT INTO schenkt VALUES(45,1547);
INSERT INTO schenkt VALUES(30,724);
INSERT INTO schenkt VALUES(5,988);
INSERT INTO schenkt VALUES(109,899);
INSERT INTO schenkt VALUES(50,685);
INSERT INTO schenkt VALUES(19,775);
INSERT INTO schenkt VALUES(143,1244);
INSERT INTO schenkt VALUES(128,1475);
INSERT INTO schenkt VALUES(113,1328);
INSERT INTO schenkt VALUES(23,772);
INSERT INTO schenkt VALUES(142,1162);
INSERT INTO schenkt VALUES(2,1098);
INSERT INTO schenkt VALUES(123,862);
INSERT INTO schenkt VALUES(113,1238);
INSERT INTO schenkt VALUES(52,774);
INSERT INTO schenkt VALUES(62,790);
INSERT INTO schenkt VALUES(34,1388);
INSERT INTO schenkt VALUES(6,873);
INSERT INTO schenkt VALUES(16,1323);
INSERT INTO schenkt VALUES(44,990);
INSERT INTO schenkt VALUES(31,1482);
INSERT INTO schenkt VALUES(12,983);
INSERT INTO schenkt VALUES(3,1156);
INSERT INTO schenkt VALUES(40,1360);
INSERT INTO schenkt VALUES(55,307);
INSERT INTO schenkt VALUES(69,452);
INSERT INTO schenkt VALUES(138,1411);
INSERT INTO schenkt VALUES(40,1446);
INSERT INTO schenkt VALUES(2,181);
INSERT INTO schenkt VALUES(134,788);
INSERT INTO schenkt VALUES(73,950);
INSERT INTO schenkt VALUES(5,8);
INSERT INTO schenkt VALUES(39,859);
INSERT INTO schenkt VALUES(63,1332);
INSERT INTO schenkt VALUES(54,1191);
INSERT INTO schenkt VALUES(65,1432);
INSERT INTO schenkt VALUES(139,248);
INSERT INTO schenkt VALUES(30,258);
INSERT INTO schenkt VALUES(14,1478);
INSERT INTO schenkt VALUES(111,1291);
INSERT INTO schenkt VALUES(125,1415);
INSERT INTO schenkt VALUES(20,1003);
INSERT INTO schenkt VALUES(115,1067);
INSERT INTO schenkt VALUES(18,916);
INSERT INTO schenkt VALUES(56,244);
INSERT INTO schenkt VALUES(5,80);
INSERT INTO schenkt VALUES(2,1571);
INSERT INTO schenkt VALUES(50,1427);
INSERT INTO schenkt VALUES(4,699);
INSERT INTO schenkt VALUES(133,324);
INSERT INTO schenkt VALUES(69,541);
INSERT INTO schenkt VALUES(70,691);
INSERT INTO schenkt VALUES(10,670);
INSERT INTO schenkt VALUES(98,1245);
INSERT INTO schenkt VALUES(89,864);
INSERT INTO schenkt VALUES(51,1335);
INSERT INTO schenkt VALUES(90,729);
INSERT INTO schenkt VALUES(135,932);
INSERT INTO schenkt VALUES(29,986);
INSERT INTO schenkt VALUES(2,89);
INSERT INTO schenkt VALUES(16,1051);
INSERT INTO schenkt VALUES(5,457);
INSERT INTO schenkt VALUES(58,537);
INSERT INTO schenkt VALUES(121,102);
INSERT INTO schenkt VALUES(114,1227);
INSERT INTO schenkt VALUES(29,1039);
INSERT INTO schenkt VALUES(133,406);
INSERT INTO schenkt VALUES(132,826);
INSERT INTO schenkt VALUES(92,1056);
INSERT INTO schenkt VALUES(129,91);
INSERT INTO schenkt VALUES(57,720);
INSERT INTO schenkt VALUES(72,699);
INSERT INTO schenkt VALUES(132,1082);
INSERT INTO schenkt VALUES(88,433);
INSERT INTO schenkt VALUES(138,1473);
INSERT INTO schenkt VALUES(129,386);
INSERT INTO schenkt VALUES(141,511);
INSERT INTO schenkt VALUES(99,437);
INSERT INTO schenkt VALUES(55,263);
INSERT INTO schenkt VALUES(33,1110);
INSERT INTO schenkt VALUES(105,1383);
INSERT INTO schenkt VALUES(13,465);
INSERT INTO schenkt VALUES(17,261);
INSERT INTO schenkt VALUES(121,386);
INSERT INTO schenkt VALUES(69,415);
INSERT INTO schenkt VALUES(141,155);
INSERT INTO schenkt VALUES(144,844);
INSERT INTO schenkt VALUES(3,998);
INSERT INTO schenkt VALUES(141,1507);
INSERT INTO schenkt VALUES(67,166);
INSERT INTO schenkt VALUES(61,435);
INSERT INTO schenkt VALUES(103,1159);
INSERT INTO schenkt VALUES(89,181);
INSERT INTO schenkt VALUES(139,1338);
INSERT INTO schenkt VALUES(17,1379);
INSERT INTO schenkt VALUES(135,893);
INSERT INTO schenkt VALUES(30,388);
INSERT INTO schenkt VALUES(78,769);
INSERT INTO schenkt VALUES(53,838);
INSERT INTO schenkt VALUES(28,1384);
INSERT INTO schenkt VALUES(33,657);
INSERT INTO schenkt VALUES(107,483);
INSERT INTO schenkt VALUES(110,1074);
INSERT INTO schenkt VALUES(103,1126);
INSERT INTO schenkt VALUES(42,859);
INSERT INTO schenkt VALUES(8,978);
INSERT INTO schenkt VALUES(19,832);
INSERT INTO schenkt VALUES(136,805);
INSERT INTO schenkt VALUES(104,1449);
INSERT INTO schenkt VALUES(15,348);
INSERT INTO schenkt VALUES(54,435);
INSERT INTO schenkt VALUES(50,238);
INSERT INTO schenkt VALUES(21,1176);
INSERT INTO schenkt VALUES(21,907);
INSERT INTO schenkt VALUES(63,955);
INSERT INTO schenkt VALUES(34,198);
INSERT INTO schenkt VALUES(58,708);
INSERT INTO schenkt VALUES(140,896);
INSERT INTO schenkt VALUES(49,555);
INSERT INTO schenkt VALUES(55,940);
INSERT INTO schenkt VALUES(24,154);
INSERT INTO schenkt VALUES(56,988);
INSERT INTO schenkt VALUES(75,1249);
INSERT INTO schenkt VALUES(112,40);
INSERT INTO schenkt VALUES(75,384);
INSERT INTO schenkt VALUES(79,1523);
INSERT INTO schenkt VALUES(79,670);
INSERT INTO schenkt VALUES(113,1422);
INSERT INTO schenkt VALUES(49,303);
INSERT INTO schenkt VALUES(137,1595);
INSERT INTO schenkt VALUES(66,162);
INSERT INTO schenkt VALUES(58,1200);
INSERT INTO schenkt VALUES(41,272);
INSERT INTO schenkt VALUES(110,715);
INSERT INTO schenkt VALUES(21,3);
INSERT INTO schenkt VALUES(121,990);
INSERT INTO schenkt VALUES(69,925);
INSERT INTO schenkt VALUES(112,1534);
INSERT INTO schenkt VALUES(71,284);
INSERT INTO schenkt VALUES(7,901);
INSERT INTO schenkt VALUES(71,683);
INSERT INTO schenkt VALUES(16,1362);
INSERT INTO schenkt VALUES(85,330);
INSERT INTO schenkt VALUES(115,1047);
INSERT INTO schenkt VALUES(110,169);
INSERT INTO schenkt VALUES(107,54);
INSERT INTO schenkt VALUES(28,161);
INSERT INTO schenkt VALUES(21,1020);
INSERT INTO schenkt VALUES(39,596);
INSERT INTO schenkt VALUES(50,291);
INSERT INTO schenkt VALUES(81,1225);
INSERT INTO schenkt VALUES(30,1426);
INSERT INTO schenkt VALUES(48,858);
INSERT INTO schenkt VALUES(35,148);
INSERT INTO schenkt VALUES(33,704);
INSERT INTO schenkt VALUES(11,766);
INSERT INTO schenkt VALUES(119,30);
INSERT INTO schenkt VALUES(6,113);
INSERT INTO schenkt VALUES(23,1366);
INSERT INTO schenkt VALUES(113,206);
INSERT INTO schenkt VALUES(82,172);
INSERT INTO schenkt VALUES(6,268);
INSERT INTO schenkt VALUES(76,510);
INSERT INTO schenkt VALUES(89,1034);
INSERT INTO schenkt VALUES(86,1556);
INSERT INTO schenkt VALUES(63,238);
INSERT INTO schenkt VALUES(15,577);
INSERT INTO schenkt VALUES(81,663);
INSERT INTO schenkt VALUES(94,1328);
INSERT INTO schenkt VALUES(98,1586);
INSERT INTO schenkt VALUES(30,320);
INSERT INTO schenkt VALUES(116,1320);
INSERT INTO schenkt VALUES(135,571);
INSERT INTO schenkt VALUES(56,114);
INSERT INTO schenkt VALUES(35,118);
INSERT INTO schenkt VALUES(61,526);
INSERT INTO schenkt VALUES(46,571);
INSERT INTO schenkt VALUES(9,1385);
INSERT INTO schenkt VALUES(9,695);
INSERT INTO schenkt VALUES(22,1344);
INSERT INTO schenkt VALUES(138,1011);
INSERT INTO schenkt VALUES(89,965);
INSERT INTO schenkt VALUES(86,650);
INSERT INTO schenkt VALUES(53,726);
INSERT INTO schenkt VALUES(66,1052);
INSERT INTO schenkt VALUES(71,303);
INSERT INTO schenkt VALUES(17,1172);
INSERT INTO schenkt VALUES(108,144);
INSERT INTO schenkt VALUES(105,1333);
INSERT INTO schenkt VALUES(5,170);
INSERT INTO schenkt VALUES(129,198);
INSERT INTO schenkt VALUES(24,174);
INSERT INTO schenkt VALUES(73,268);
INSERT INTO schenkt VALUES(100,520);
INSERT INTO schenkt VALUES(34,989);
INSERT INTO schenkt VALUES(85,1462);
INSERT INTO schenkt VALUES(38,1578);
INSERT INTO schenkt VALUES(21,197);
INSERT INTO schenkt VALUES(72,827);
INSERT INTO schenkt VALUES(115,470);
INSERT INTO schenkt VALUES(94,613);
INSERT INTO schenkt VALUES(138,1095);
INSERT INTO schenkt VALUES(142,1264);
INSERT INTO schenkt VALUES(124,378);
INSERT INTO schenkt VALUES(121,1321);
INSERT INTO schenkt VALUES(30,951);
INSERT INTO schenkt VALUES(50,891);
INSERT INTO schenkt VALUES(96,1336);
INSERT INTO schenkt VALUES(90,49);
INSERT INTO schenkt VALUES(65,1531);
INSERT INTO schenkt VALUES(141,1064);
INSERT INTO schenkt VALUES(107,336);
INSERT INTO schenkt VALUES(119,19);
INSERT INTO schenkt VALUES(93,616);
INSERT INTO schenkt VALUES(125,1007);
INSERT INTO schenkt VALUES(123,513);
INSERT INTO schenkt VALUES(144,10);
INSERT INTO schenkt VALUES(79,40);
INSERT INTO schenkt VALUES(67,724);
INSERT INTO schenkt VALUES(60,673);
INSERT INTO schenkt VALUES(101,282);
INSERT INTO schenkt VALUES(88,886);
INSERT INTO schenkt VALUES(114,1209);
INSERT INTO schenkt VALUES(68,70);
INSERT INTO schenkt VALUES(23,1222);
INSERT INTO schenkt VALUES(14,466);
INSERT INTO schenkt VALUES(92,157);
INSERT INTO schenkt VALUES(59,1593);
INSERT INTO schenkt VALUES(118,1435);
INSERT INTO schenkt VALUES(26,1266);
INSERT INTO schenkt VALUES(136,172);
INSERT INTO schenkt VALUES(125,1221);
INSERT INTO schenkt VALUES(46,243);
INSERT INTO schenkt VALUES(95,1143);
INSERT INTO schenkt VALUES(9,967);
INSERT INTO schenkt VALUES(6,289);
INSERT INTO schenkt VALUES(142,541);
INSERT INTO schenkt VALUES(138,1163);
INSERT INTO schenkt VALUES(84,1573);
INSERT INTO schenkt VALUES(111,92);
INSERT INTO schenkt VALUES(80,688);
INSERT INTO schenkt VALUES(125,571);
INSERT INTO schenkt VALUES(52,866);
INSERT INTO schenkt VALUES(54,983);
INSERT INTO schenkt VALUES(19,522);
INSERT INTO schenkt VALUES(127,442);
INSERT INTO schenkt VALUES(142,1327);
INSERT INTO schenkt VALUES(86,1269);
INSERT INTO schenkt VALUES(98,1371);
INSERT INTO schenkt VALUES(79,1249);
INSERT INTO schenkt VALUES(43,1339);
INSERT INTO schenkt VALUES(3,623);
INSERT INTO schenkt VALUES(1,1421);
INSERT INTO schenkt VALUES(97,388);
INSERT INTO schenkt VALUES(51,124);
INSERT INTO schenkt VALUES(45,1523);
INSERT INTO schenkt VALUES(91,285);
INSERT INTO schenkt VALUES(81,640);
INSERT INTO schenkt VALUES(134,124);
INSERT INTO schenkt VALUES(50,184);
INSERT INTO schenkt VALUES(17,194);
INSERT INTO schenkt VALUES(9,1295);
INSERT INTO schenkt VALUES(45,1113);
INSERT INTO schenkt VALUES(118,1474);
INSERT INTO schenkt VALUES(124,1040);
INSERT INTO schenkt VALUES(97,30);
INSERT INTO schenkt VALUES(46,348);
INSERT INTO schenkt VALUES(7,1157);
INSERT INTO schenkt VALUES(9,1257);
INSERT INTO schenkt VALUES(92,84);
INSERT INTO schenkt VALUES(1,281);
INSERT INTO schenkt VALUES(40,1545);
INSERT INTO schenkt VALUES(78,417);
INSERT INTO schenkt VALUES(62,1593);
INSERT INTO schenkt VALUES(91,1137);
INSERT INTO schenkt VALUES(23,1235);
INSERT INTO schenkt VALUES(16,1045);
INSERT INTO schenkt VALUES(85,571);
INSERT INTO schenkt VALUES(97,1479);
INSERT INTO schenkt VALUES(57,441);
INSERT INTO schenkt VALUES(93,1403);
INSERT INTO schenkt VALUES(117,960);
INSERT INTO schenkt VALUES(121,993);
INSERT INTO schenkt VALUES(82,1523);
INSERT INTO schenkt VALUES(69,1263);
INSERT INTO schenkt VALUES(24,658);
INSERT INTO schenkt VALUES(119,1585);
INSERT INTO schenkt VALUES(41,1282);
INSERT INTO schenkt VALUES(42,569);
INSERT INTO schenkt VALUES(86,59);
INSERT INTO schenkt VALUES(15,1477);
INSERT INTO schenkt VALUES(87,669);
INSERT INTO schenkt VALUES(20,1142);
INSERT INTO schenkt VALUES(127,596);
INSERT INTO schenkt VALUES(59,216);
INSERT INTO schenkt VALUES(112,464);
INSERT INTO schenkt VALUES(95,1292);
INSERT INTO schenkt VALUES(95,1160);
INSERT INTO schenkt VALUES(16,646);
INSERT INTO schenkt VALUES(7,952);
INSERT INTO schenkt VALUES(141,452);
INSERT INTO schenkt VALUES(7,1537);
INSERT INTO schenkt VALUES(102,859);
INSERT INTO schenkt VALUES(25,409);
INSERT INTO schenkt VALUES(64,1083);
INSERT INTO schenkt VALUES(16,1099);
INSERT INTO schenkt VALUES(79,1169);
INSERT INTO schenkt VALUES(89,35);
INSERT INTO schenkt VALUES(34,740);
INSERT INTO schenkt VALUES(22,443);
INSERT INTO schenkt VALUES(6,409);
INSERT INTO schenkt VALUES(57,303);
INSERT INTO schenkt VALUES(117,1591);
INSERT INTO schenkt VALUES(79,540);
INSERT INTO schenkt VALUES(27,867);
INSERT INTO schenkt VALUES(119,1060);
INSERT INTO schenkt VALUES(29,919);
INSERT INTO schenkt VALUES(93,554);
INSERT INTO schenkt VALUES(97,1556);
INSERT INTO schenkt VALUES(120,1519);
INSERT INTO schenkt VALUES(59,28);
INSERT INTO schenkt VALUES(93,1112);
INSERT INTO schenkt VALUES(73,645);
INSERT INTO schenkt VALUES(76,1135);
INSERT INTO schenkt VALUES(64,1035);
INSERT INTO schenkt VALUES(55,6);
INSERT INTO schenkt VALUES(127,754);
INSERT INTO schenkt VALUES(73,66);
INSERT INTO schenkt VALUES(30,251);
INSERT INTO schenkt VALUES(100,1560);
INSERT INTO schenkt VALUES(34,822);
INSERT INTO schenkt VALUES(75,107);
INSERT INTO schenkt VALUES(130,1099);
INSERT INTO schenkt VALUES(97,132);
INSERT INTO schenkt VALUES(88,1526);
INSERT INTO schenkt VALUES(30,262);
INSERT INTO schenkt VALUES(63,998);
INSERT INTO schenkt VALUES(64,371);
INSERT INTO schenkt VALUES(104,1540);
INSERT INTO schenkt VALUES(142,215);
INSERT INTO schenkt VALUES(126,239);
INSERT INTO schenkt VALUES(126,381);
INSERT INTO schenkt VALUES(44,632);
INSERT INTO schenkt VALUES(92,176);
INSERT INTO schenkt VALUES(128,557);
INSERT INTO schenkt VALUES(62,1106);
INSERT INTO schenkt VALUES(54,1428);
INSERT INTO schenkt VALUES(109,1033);
INSERT INTO schenkt VALUES(52,218);
INSERT INTO schenkt VALUES(87,787);
INSERT INTO schenkt VALUES(66,834);
INSERT INTO schenkt VALUES(1,1495);
INSERT INTO schenkt VALUES(115,1299);
INSERT INTO schenkt VALUES(2,736);
INSERT INTO schenkt VALUES(77,40);
INSERT INTO schenkt VALUES(101,176);
INSERT INTO schenkt VALUES(30,733);
INSERT INTO schenkt VALUES(21,936);
INSERT INTO schenkt VALUES(17,789);
INSERT INTO schenkt VALUES(140,221);
INSERT INTO schenkt VALUES(35,239);
INSERT INTO schenkt VALUES(143,1506);
INSERT INTO schenkt VALUES(6,1547);
INSERT INTO schenkt VALUES(110,1104);
INSERT INTO schenkt VALUES(16,1384);
INSERT INTO schenkt VALUES(33,356);
INSERT INTO schenkt VALUES(39,797);
INSERT INTO schenkt VALUES(24,481);
INSERT INTO schenkt VALUES(122,600);
INSERT INTO schenkt VALUES(93,1391);
INSERT INTO schenkt VALUES(65,930);
INSERT INTO schenkt VALUES(118,309);
INSERT INTO schenkt VALUES(122,972);
INSERT INTO schenkt VALUES(79,926);
INSERT INTO schenkt VALUES(33,84);
INSERT INTO schenkt VALUES(39,1520);
INSERT INTO schenkt VALUES(16,316);
INSERT INTO schenkt VALUES(112,1571);
INSERT INTO schenkt VALUES(74,99);
INSERT INTO schenkt VALUES(101,14);
INSERT INTO schenkt VALUES(140,502);
INSERT INTO schenkt VALUES(21,1419);
INSERT INTO schenkt VALUES(86,535);
INSERT INTO schenkt VALUES(136,932);
INSERT INTO schenkt VALUES(4,1377);
INSERT INTO schenkt VALUES(28,1350);
INSERT INTO schenkt VALUES(40,703);
INSERT INTO schenkt VALUES(9,25);
INSERT INTO schenkt VALUES(66,517);
INSERT INTO schenkt VALUES(110,1348);
INSERT INTO schenkt VALUES(24,1480);
INSERT INTO schenkt VALUES(106,658);
INSERT INTO schenkt VALUES(5,1138);
INSERT INTO schenkt VALUES(48,626);
INSERT INTO schenkt VALUES(84,525);
INSERT INTO schenkt VALUES(55,90);
INSERT INTO schenkt VALUES(36,1092);
INSERT INTO schenkt VALUES(102,858);
INSERT INTO schenkt VALUES(106,339);
INSERT INTO schenkt VALUES(133,874);
INSERT INTO schenkt VALUES(28,656);
INSERT INTO schenkt VALUES(22,663);
INSERT INTO schenkt VALUES(13,845);
INSERT INTO schenkt VALUES(112,1123);
INSERT INTO schenkt VALUES(55,1462);
INSERT INTO schenkt VALUES(133,86);
INSERT INTO schenkt VALUES(26,301);
INSERT INTO schenkt VALUES(44,565);
INSERT INTO schenkt VALUES(56,1476);
INSERT INTO schenkt VALUES(98,975);
INSERT INTO schenkt VALUES(6,1169);
INSERT INTO schenkt VALUES(110,859);
INSERT INTO schenkt VALUES(76,915);
INSERT INTO schenkt VALUES(23,1102);
INSERT INTO schenkt VALUES(60,1126);
INSERT INTO schenkt VALUES(59,658);
INSERT INTO schenkt VALUES(141,798);
INSERT INTO schenkt VALUES(120,1032);
INSERT INTO schenkt VALUES(94,978);
INSERT INTO schenkt VALUES(94,296);
INSERT INTO schenkt VALUES(4,1513);
INSERT INTO schenkt VALUES(88,835);
INSERT INTO schenkt VALUES(88,1478);
INSERT INTO schenkt VALUES(144,836);
INSERT INTO schenkt VALUES(134,609);
INSERT INTO schenkt VALUES(123,414);
INSERT INTO schenkt VALUES(14,746);
INSERT INTO schenkt VALUES(114,1224);
INSERT INTO schenkt VALUES(116,25);
INSERT INTO schenkt VALUES(22,1407);
INSERT INTO schenkt VALUES(122,1542);
INSERT INTO schenkt VALUES(101,1258);
INSERT INTO schenkt VALUES(12,734);
INSERT INTO schenkt VALUES(31,936);
INSERT INTO schenkt VALUES(109,820);
INSERT INTO schenkt VALUES(73,550);
INSERT INTO schenkt VALUES(12,106);
INSERT INTO schenkt VALUES(50,1090);
INSERT INTO schenkt VALUES(127,1102);
INSERT INTO schenkt VALUES(106,258);
INSERT INTO schenkt VALUES(129,1477);
INSERT INTO schenkt VALUES(90,1152);
INSERT INTO schenkt VALUES(110,1409);
INSERT INTO schenkt VALUES(79,1338);
INSERT INTO schenkt VALUES(127,1098);
INSERT INTO schenkt VALUES(37,723);
INSERT INTO schenkt VALUES(123,610);
INSERT INTO schenkt VALUES(44,120);
INSERT INTO schenkt VALUES(4,909);
INSERT INTO schenkt VALUES(129,306);
INSERT INTO schenkt VALUES(138,1501);
INSERT INTO schenkt VALUES(73,834);
INSERT INTO schenkt VALUES(112,875);
INSERT INTO schenkt VALUES(54,460);
INSERT INTO schenkt VALUES(108,438);
INSERT INTO schenkt VALUES(36,631);
INSERT INTO schenkt VALUES(111,275);
INSERT INTO schenkt VALUES(40,752);
INSERT INTO schenkt VALUES(12,1116);
INSERT INTO schenkt VALUES(83,86);
INSERT INTO schenkt VALUES(14,667);
INSERT INTO schenkt VALUES(38,1302);
INSERT INTO schenkt VALUES(61,919);
INSERT INTO schenkt VALUES(103,940);
INSERT INTO schenkt VALUES(115,458);
INSERT INTO schenkt VALUES(38,684);
INSERT INTO schenkt VALUES(92,466);
INSERT INTO schenkt VALUES(142,1574);
INSERT INTO schenkt VALUES(90,1575);
INSERT INTO schenkt VALUES(62,571);
INSERT INTO schenkt VALUES(45,1084);
INSERT INTO schenkt VALUES(55,668);
INSERT INTO schenkt VALUES(61,754);
INSERT INTO schenkt VALUES(123,1470);
INSERT INTO schenkt VALUES(28,292);
INSERT INTO schenkt VALUES(52,465);
INSERT INTO schenkt VALUES(97,541);
INSERT INTO schenkt VALUES(72,133);
INSERT INTO schenkt VALUES(109,66);
INSERT INTO schenkt VALUES(22,1560);
INSERT INTO schenkt VALUES(21,9);
INSERT INTO schenkt VALUES(128,762);
INSERT INTO schenkt VALUES(136,396);
INSERT INTO schenkt VALUES(132,556);
INSERT INTO schenkt VALUES(123,1167);
INSERT INTO schenkt VALUES(33,1283);
INSERT INTO schenkt VALUES(58,391);
INSERT INTO schenkt VALUES(106,485);
INSERT INTO schenkt VALUES(32,1202);
INSERT INTO schenkt VALUES(86,1130);
INSERT INTO schenkt VALUES(123,1197);
INSERT INTO schenkt VALUES(3,162);
INSERT INTO schenkt VALUES(33,920);
INSERT INTO schenkt VALUES(52,1093);
INSERT INTO schenkt VALUES(28,1472);
INSERT INTO schenkt VALUES(140,1417);
INSERT INTO schenkt VALUES(21,369);
INSERT INTO schenkt VALUES(116,670);
INSERT INTO schenkt VALUES(142,247);
INSERT INTO schenkt VALUES(72,4);
INSERT INTO schenkt VALUES(100,982);
INSERT INTO schenkt VALUES(104,1448);
INSERT INTO schenkt VALUES(103,416);
INSERT INTO schenkt VALUES(95,39);
INSERT INTO schenkt VALUES(71,1474);
INSERT INTO schenkt VALUES(6,1553);
INSERT INTO schenkt VALUES(75,1322);
INSERT INTO schenkt VALUES(103,755);
INSERT INTO schenkt VALUES(139,269);
INSERT INTO schenkt VALUES(53,1016);
INSERT INTO schenkt VALUES(66,842);
INSERT INTO schenkt VALUES(56,731);
INSERT INTO schenkt VALUES(58,693);
INSERT INTO schenkt VALUES(88,909);
INSERT INTO schenkt VALUES(70,682);
INSERT INTO schenkt VALUES(141,67);
INSERT INTO schenkt VALUES(87,1193);
INSERT INTO schenkt VALUES(40,451);
INSERT INTO schenkt VALUES(11,308);
INSERT INTO schenkt VALUES(34,348);
INSERT INTO schenkt VALUES(41,953);
INSERT INTO schenkt VALUES(107,1273);
INSERT INTO schenkt VALUES(94,498);
INSERT INTO schenkt VALUES(95,1355);
INSERT INTO schenkt VALUES(62,1305);
INSERT INTO schenkt VALUES(52,232);
INSERT INTO schenkt VALUES(79,1080);
INSERT INTO schenkt VALUES(92,593);
INSERT INTO schenkt VALUES(31,709);
INSERT INTO schenkt VALUES(2,1424);
INSERT INTO schenkt VALUES(12,123);
INSERT INTO schenkt VALUES(138,865);
INSERT INTO schenkt VALUES(126,172);
INSERT INTO schenkt VALUES(14,1150);
INSERT INTO schenkt VALUES(31,1605);
INSERT INTO schenkt VALUES(28,1328);
INSERT INTO schenkt VALUES(77,287);
INSERT INTO schenkt VALUES(16,352);
INSERT INTO schenkt VALUES(48,822);
INSERT INTO schenkt VALUES(70,824);
INSERT INTO schenkt VALUES(54,666);
INSERT INTO schenkt VALUES(62,895);
INSERT INTO schenkt VALUES(37,86);
INSERT INTO schenkt VALUES(73,140);
INSERT INTO schenkt VALUES(119,905);
INSERT INTO schenkt VALUES(13,629);
INSERT INTO schenkt VALUES(96,1136);
INSERT INTO schenkt VALUES(38,944);
INSERT INTO schenkt VALUES(3,792);
INSERT INTO schenkt VALUES(10,1352);
INSERT INTO schenkt VALUES(134,1278);
INSERT INTO schenkt VALUES(11,1107);
INSERT INTO schenkt VALUES(5,691);
INSERT INTO schenkt VALUES(41,706);
INSERT INTO schenkt VALUES(99,863);
INSERT INTO schenkt VALUES(47,925);
INSERT INTO schenkt VALUES(141,712);
INSERT INTO schenkt VALUES(56,734);
INSERT INTO schenkt VALUES(15,770);
INSERT INTO schenkt VALUES(60,292);
INSERT INTO schenkt VALUES(42,770);
INSERT INTO schenkt VALUES(133,999);
INSERT INTO schenkt VALUES(111,313);
INSERT INTO schenkt VALUES(116,833);
INSERT INTO schenkt VALUES(96,726);
INSERT INTO schenkt VALUES(99,1323);
INSERT INTO schenkt VALUES(120,551);
INSERT INTO schenkt VALUES(118,385);
INSERT INTO schenkt VALUES(102,102);
INSERT INTO schenkt VALUES(134,636);
INSERT INTO schenkt VALUES(57,1492);
INSERT INTO schenkt VALUES(1,1178);
INSERT INTO schenkt VALUES(54,254);
INSERT INTO schenkt VALUES(68,1085);
INSERT INTO schenkt VALUES(61,427);
INSERT INTO schenkt VALUES(95,1286);
INSERT INTO schenkt VALUES(95,274);
INSERT INTO schenkt VALUES(38,829);
INSERT INTO schenkt VALUES(42,1346);
INSERT INTO schenkt VALUES(123,266);
INSERT INTO schenkt VALUES(96,1339);
INSERT INTO schenkt VALUES(79,224);
INSERT INTO schenkt VALUES(104,1203);
INSERT INTO schenkt VALUES(41,1306);
INSERT INTO schenkt VALUES(9,384);
INSERT INTO schenkt VALUES(88,1212);
INSERT INTO schenkt VALUES(129,709);
INSERT INTO schenkt VALUES(107,436);
INSERT INTO schenkt VALUES(136,701);
INSERT INTO schenkt VALUES(141,981);
INSERT INTO schenkt VALUES(96,1382);
INSERT INTO schenkt VALUES(90,360);
INSERT INTO schenkt VALUES(97,480);
INSERT INTO schenkt VALUES(31,229);
INSERT INTO schenkt VALUES(133,560);
INSERT INTO schenkt VALUES(22,434);
INSERT INTO schenkt VALUES(98,746);
INSERT INTO schenkt VALUES(132,1599);
INSERT INTO schenkt VALUES(90,1230);
INSERT INTO schenkt VALUES(36,1044);
INSERT INTO schenkt VALUES(78,1452);
INSERT INTO schenkt VALUES(90,395);
INSERT INTO schenkt VALUES(136,794);
INSERT INTO schenkt VALUES(120,655);
INSERT INTO schenkt VALUES(81,962);
INSERT INTO schenkt VALUES(45,146);
INSERT INTO schenkt VALUES(89,818);
INSERT INTO schenkt VALUES(18,1082);
INSERT INTO schenkt VALUES(73,190);
INSERT INTO schenkt VALUES(53,1212);
INSERT INTO schenkt VALUES(112,1128);
INSERT INTO schenkt VALUES(108,863);
INSERT INTO schenkt VALUES(97,1477);
INSERT INTO schenkt VALUES(19,781);
INSERT INTO schenkt VALUES(101,1427);
INSERT INTO schenkt VALUES(90,293);
INSERT INTO schenkt VALUES(119,1398);
INSERT INTO schenkt VALUES(43,1460);
INSERT INTO schenkt VALUES(32,1107);
INSERT INTO schenkt VALUES(82,452);
INSERT INTO schenkt VALUES(127,726);
INSERT INTO schenkt VALUES(58,709);
INSERT INTO schenkt VALUES(116,744);
INSERT INTO schenkt VALUES(60,1495);
INSERT INTO schenkt VALUES(133,536);
INSERT INTO schenkt VALUES(47,1348);
INSERT INTO schenkt VALUES(61,740);
INSERT INTO schenkt VALUES(87,4);
INSERT INTO schenkt VALUES(144,649);
INSERT INTO schenkt VALUES(70,182);
INSERT INTO schenkt VALUES(67,1519);
INSERT INTO schenkt VALUES(12,1165);
INSERT INTO schenkt VALUES(85,296);
INSERT INTO schenkt VALUES(108,1183);
INSERT INTO schenkt VALUES(113,1553);
INSERT INTO schenkt VALUES(65,418);
INSERT INTO schenkt VALUES(105,208);
INSERT INTO schenkt VALUES(112,1099);
INSERT INTO schenkt VALUES(85,1463);
INSERT INTO schenkt VALUES(135,1250);
INSERT INTO schenkt VALUES(33,914);
INSERT INTO schenkt VALUES(128,1064);
INSERT INTO schenkt VALUES(136,556);
INSERT INTO schenkt VALUES(18,1284);
INSERT INTO schenkt VALUES(95,1251);
INSERT INTO schenkt VALUES(74,542);
INSERT INTO schenkt VALUES(30,1200);
INSERT INTO schenkt VALUES(111,463);
INSERT INTO schenkt VALUES(142,107);
INSERT INTO schenkt VALUES(60,50);
INSERT INTO schenkt VALUES(112,108);
INSERT INTO schenkt VALUES(42,559);
INSERT INTO schenkt VALUES(18,1525);
INSERT INTO schenkt VALUES(92,716);
INSERT INTO schenkt VALUES(115,1501);
INSERT INTO schenkt VALUES(130,1207);
INSERT INTO schenkt VALUES(119,1288);
INSERT INTO schenkt VALUES(96,729);
INSERT INTO schenkt VALUES(133,1113);
INSERT INTO schenkt VALUES(20,880);
INSERT INTO schenkt VALUES(43,1121);
INSERT INTO schenkt VALUES(92,1392);
INSERT INTO schenkt VALUES(96,1539);
INSERT INTO schenkt VALUES(32,1225);
INSERT INTO schenkt VALUES(145,72);
INSERT INTO schenkt VALUES(145,73);
INSERT INTO schenkt VALUES(145,74);
